ID,R_min,R_max,R_mean,R_median,R_std,G_min,G_max,G_mean,G_median,G_std,B_min,B_max,B_mean,B_median,B_std,pixel_ratio,area,perimeter,circularity_laplacian,bounding_box_ratio,center_mass_x,center_mass_y,bug type,species
1,5,208,68.08574489687165,56.0,47.955398851745045,3,199,54.88274724719952,37.0,45.31119677847598,0,193,39.89196905869088,24.0,36.25074695745675,0.0074280416666666,178273,8998,0.027669636849153,1.2238805970149254,3035.244910895088,2222.120394002457,Bee,Apis mellifera
2,2,248,63.786497914961615,55.0,42.15350758236679,2,251,52.07965041505904,34.0,42.86612366914757,0,244,35.735146537277366,19.0,34.61711714803009,0.008553,205272,9494,0.028618121488618,1.5142857142857142,3032.674607350248,1698.0483602244826,Bee,Apis mellifera
3,3,255,107.17633313530791,114.0,58.77135873718156,0,255,87.79470989278339,86.0,60.05760424323768,0,255,63.38304336756344,52.0,54.82359568930816,0.022093125,530235,11818,0.0477078982345245,1.0606060606060606,2714.310952690788,1137.9484775618355,Bee,Apis mellifera
4,5,219,87.58824254258334,88.0,46.32258744701816,3,213,71.03185180270272,61.0,46.08575993578402,0,201,50.43253490554413,36.0,37.445620697219006,0.013187375,316497,12385,0.0259290998401772,1.3085106382978724,3486.890675109085,2223.2139514750534,Bee,Apis mellifera
5,6,255,123.1770030597724,134.0,62.355944159380286,0,250,100.8979636373556,91.0,63.029354606891445,0,245,80.94616982873458,63.0,60.62496157686189,0.009164625,219951,7870,0.0446258334369086,1.2,2867.2836449936576,2195.1991943660178,Bee,Apis mellifera
6,7,201,100.47562040505902,109.0,49.63504030114972,4,199,84.3832779358328,78.0,51.36793580317763,0,204,68.36625024647194,55.0,48.98237133305548,0.0059168333333333,142004,5565,0.0576209089094377,1.6071428571428572,2677.148312723585,1904.461346159263,Bee,Apis mellifera
7,11,238,91.57896325749208,87.0,41.37874968559628,9,234,72.75433325970106,70.0,36.76008197680118,4,223,50.997989838745305,42.0,34.73129526181651,0.00565875,135810,5916,0.0487624235675279,0.6585365853658537,3599.1718577424344,2233.678131212724,Bee,Apis mellifera
8,4,168,55.60429406701025,47.0,35.66732309580311,4,171,43.2401647866382,31.0,35.56519093882558,3,183,36.929926550324765,24.0,37.34231347870392,0.0074540833333333,178898,7187,0.0435231239111771,1.146067415730337,2059.957109637894,2031.9852765262888,Bee,Apis mellifera
9,6,255,87.62007338557522,93.0,52.73279931795231,3,255,71.39061613788154,64.0,51.894715129430246,0,254,68.25091731969026,57.0,54.63180011861349,0.0071994166666666,172786,7568,0.0379102080700221,1.0384615384615383,3141.3569907284154,1840.997488222425,Bee,Apis mellifera
10,4,255,82.97670029012441,80.0,52.421580903076965,0,255,63.63256362805997,48.0,48.94095558910766,0,255,60.44038193995296,45.0,50.82663964478578,0.0157834583333333,378803,8591,0.06449645368643,1.1341772151898737,2779.835275855788,2107.9782182295285,Bee,Apis mellifera
11,12,255,120.44338849796112,124.0,45.803679936673696,2,246,89.04904292325656,90.0,42.44465622019857,0,255,82.30172524469496,80.0,46.70092122044808,0.0136309166666666,327142,7644,0.0703565947812463,0.9183673469387756,2787.381620213852,2225.231361304877,Bee,Apis mellifera
12,10,235,109.42017544264854,108.0,44.65068681391251,0,195,75.59593451619311,72.0,37.5926957726924,0,255,82.70238727648155,73.0,51.19626268048209,0.0180400833333333,432962,8316,0.0786739007891593,1.055045871559633,3183.4857654944312,1889.310655438584,Bee,Apis mellifera
13,5,255,104.91751429738562,100.0,47.95069201817908,3,255,78.35397263071896,71.0,42.87685784035862,0,255,52.593098958333336,43.0,39.57152026858,0.01632,391680,11107,0.0398976867682928,2.0675675675675675,2625.3422691993464,1953.791753472222,Bee,Apis mellifera
14,10,255,137.159940129971,136.0,52.05805245710648,0,245,107.28282525908944,103.0,48.880828105754325,0,255,99.5560296318751,91.0,51.476520825639454,0.0109960416666666,263905,6268,0.0844110897305387,1.2217261904761905,2850.837945472803,2072.786320835149,Bee,Apis mellifera
15,9,255,123.58951432688691,125.0,51.207615915481725,0,254,94.87885844367403,98.0,45.32117091181814,0,255,80.78055688985422,82.0,41.5175954718133,0.0159606666666666,383056,16166,0.0184190397187855,1.098360655737705,2665.479877615805,1910.811907397352,Bee,Apis mellifera
16,13,255,107.12669792072114,100.0,46.72087409835131,0,255,87.01905489127606,84.0,40.77949541829756,0,255,66.91029623587804,62.0,34.57744720677461,0.0168067083333333,403361,10807,0.0434003734079262,1.373913043478261,1897.0505998348876,2888.4394872087287,Bee,Apis mellifera
17,3,255,122.81285070422535,117.0,48.48137159819738,0,255,106.66628169014083,110.0,47.31637552320597,0,255,74.72309014084507,66.0,44.37497448299574,0.0147916666666666,355000,8946,0.0557417282103449,1.0403225806451613,2895.251698591549,1937.4873126760565,Bee,Apis mellifera
18,17,255,137.03837207539158,133.0,49.88789876042468,0,255,112.89966185992206,110.0,47.94826171025425,0,255,96.1244082548636,88.0,48.8387449664923,0.013739375,329745,9172,0.0492560964359114,1.0240615976900866,2890.4373894979453,1860.966986610866,Bee,Apis mellifera
19,7,255,107.66460156431503,106.0,37.61886929525813,0,255,88.38125717595008,96.0,38.37863581415881,0,255,65.91770679362557,63.0,33.291459253623856,0.0123749583333333,296999,9854,0.0384361372207733,1.4634146341463414,3001.325105471736,1919.1869130872492,Bee,Apis mellifera
20,8,255,91.69727136974524,88.0,55.17673290675578,0,255,68.29882627742259,61.0,47.40641279552245,0,255,60.56009644909595,49.0,45.91920867051525,0.019336625,464079,7093,0.1159155929063851,1.0,2817.8887064486867,1609.6692093372033,Bee,Apis mellifera
21,14,235,123.07637429846956,119.0,41.17356949408899,3,207,101.7805537448286,104.0,37.92597211324834,0,255,100.20733097693552,97.0,45.57098349712698,0.0160437916666666,385051,15767,0.0194639053667397,1.7157894736842103,2883.3258217742587,2016.365543785109,Bee,Apis mellifera
22,9,255,146.08903179879465,162.0,68.4192435397954,0,255,105.82878964291965,111.0,59.33762373156722,0,255,103.90161437250016,99.0,66.66994484915942,0.0138134166666666,331522,11680,0.0305377146188109,1.288659793814433,3270.278494338234,1746.1208728229196,Bee,Apis mellifera
23,4,255,116.20372155181408,119.0,46.68012376230329,0,255,98.59271587335496,103.0,47.23387425382765,0,255,81.48323538032759,77.0,45.55266135576797,0.0167739166666666,402574,12385,0.032980980669831,1.431372549019608,2357.479921703836,1638.790033633568,Bee,Apis mellifera
24,0,255,77.35826999805597,75.0,44.1364841919306,0,255,51.63431491441637,44.0,34.653588575308454,0,255,50.16551104857299,38.0,39.572557564809976,0.0225047916666666,540115,10734,0.0589078158800292,0.8345323741007195,2787.7500458235745,2295.333786323283,Bee,Megachile centuncularis
25,4,255,98.57262615448822,103.0,49.209520443925015,0,255,88.2312278855401,93.0,49.10744914858367,0,255,82.66385658035601,87.0,47.791230136855766,0.0114814583333333,275555,11327,0.0269890972857996,1.7011494252873562,2997.225483115893,1337.4932663170691,Bee,Apis mellifera
26,3,255,102.49157191961925,110.0,66.54924628065606,2,255,84.50395344343652,87.0,56.551863801877325,0,255,89.83608082821462,86.0,64.94403726542984,0.0163886666666666,393328,11423,0.0378795119013651,1.4848484848484849,2890.384261989993,1071.976101370866,Bee,Andrenidae
27,9,255,108.01700955058044,108.0,44.818181233127966,0,255,73.94240878254999,69.0,41.26398317986871,0,255,60.03176149002335,52.0,40.269370113633066,0.0037650416666666,90361,5467,0.0379920514517916,0.7321428571428571,3281.170261506624,1864.806941047576,Bee,Apis mellifera
28,9,255,152.47568916506907,170.0,59.95392429036446,4,255,129.38861527952227,141.0,59.31760473583349,0,255,111.49968599193495,111.0,61.911638080460975,0.0075635,181524,8477,0.0317438465175664,0.8707482993197279,2889.6118915405127,2254.2500220356537,Bee,Apis mellifera
29,0,255,95.33711980569784,93.0,57.236789498780425,0,255,78.6028475314415,72.0,54.29438669731922,0,255,68.72074091651429,58.0,50.89894394597426,0.0149252083333333,358205,10577,0.0402361574524979,1.348529411764706,3222.525129464971,1788.3811755838135,Bee,Andrenidae
30,21,255,138.3798908363689,132.0,49.31233198542175,0,255,99.06911752008608,100.0,44.21555971264026,0,255,77.28227596136568,69.0,48.507611069783465,0.0178554583333333,428531,8620,0.0724732231972968,0.9230769230769232,2582.4748641288493,2296.8975079982547,Bee,Apis mellifera
31,8,255,130.80313615044133,139.0,50.07429689633281,0,255,110.84205566006946,120.0,49.40002021304206,0,255,93.56194740567162,95.0,47.63672063629761,0.011362125,272691,2881,0.4128517710916798,0.9448818897637796,3063.6660579190366,2113.714181986204,Bee,Apis mellifera
32,2,255,91.086939258258,81.0,68.51819481173814,0,255,76.283416406184,61.0,60.8616971237911,0,255,74.69413280391991,58.0,58.45082250831513,0.0098641666666666,236740,3530,0.2387437969360963,1.2147239263803682,3107.0118442172848,1665.4682351947283,Bee,Apis mellifera & Megachile centuncularis
33,6,255,84.73465071369456,77.0,55.267635366736165,2,255,70.85525845245272,63.0,50.38532092925772,0,255,55.49679680395623,42.0,44.80968301857826,0.0081559166666666,195742,3625,0.1871879394468696,0.9845360824742267,3569.241797876797,1959.689223569801,Bee,Apis mellifera
34,7,255,79.30026208382539,70.0,51.360768548920966,5,255,65.87739034951416,51.0,48.33149801074313,0,255,44.33584540162016,32.0,36.9909169742142,0.0080445,193068,3715,0.17579338368669,1.1411042944785277,3047.5426896223094,1863.204736155137,Bee,Apis mellifera
35,5,192,71.2880612857077,57.0,48.883767544162055,5,188,57.11564139246543,37.0,49.54143218502322,0,182,48.08397557186149,28.0,47.2021851276119,0.00541725,130014,2200,0.3375628324487433,0.625,2740.5833910194287,2097.175634931623,Bee,Apis mellifera
36,9,255,111.74829497391796,118.0,50.74702261561796,7,255,88.43912572254335,97.0,46.2221421554381,5,238,63.46918616946285,65.0,35.499562430911034,0.0094573333333333,226976,3703,0.2080091206721475,0.8608247422680413,2720.403311363316,1739.586141266037,Bee,Apis mellifera
37,11,255,142.60352556432957,151.0,63.649250228512784,8,255,117.7219869187206,128.0,62.295756441217904,0,255,91.58747307968412,88.0,53.26071983320733,0.0104475,250740,3831,0.2146886977025661,0.9851851851851852,3303.065199010928,1673.7398859376246,Bee,Apis mellifera
38,0,255,111.84182872371076,109.0,47.0269654511382,0,255,92.67999135695764,91.0,45.57876729106329,0,255,73.69265701526938,65.0,44.09892690014207,0.01157,277680,3280,0.3243446787804888,0.889763779527559,2301.729101843849,2796.7136235955054,Bee,Apis mellifera
39,4,255,92.50466791948467,87.0,50.42578035190769,0,255,68.2136465043363,65.0,44.58816868058127,0,255,53.35651800339668,45.0,41.98480314162374,0.0165848333333333,398036,4534,0.2433151693675251,0.8448275862068966,3169.291953491644,2363.566662311952,Bee,Apis mellifera
40,8,210,85.4321798033047,90.0,39.00912966809165,5,191,71.09253181418813,72.0,34.21862788442583,0,152,56.04179066405918,52.0,29.16526743057317,0.01470125,352830,4942,0.1815389781629808,0.9012345679012346,3185.594977751325,2306.67115041238,Bee,Andrenidae
41,8,255,107.5233061753377,101.0,55.84521327247111,5,255,97.90795125761043,89.0,55.9019350277954,0,255,77.16804675435327,62.0,52.38133532489914,0.0093895,225348,2983,0.3182416850252254,0.4491525423728814,2890.843779398974,1947.38143671122,Bee,Andrenidae
42,3,255,108.27123514192392,102.0,46.35064452495272,0,255,92.4546783487848,91.0,45.368179585141895,0,255,76.25330327922966,68.0,42.863069925177264,0.013253875,318093,4231,0.2232944482730178,1.027027027027027,2646.0269072252454,2131.825497574609,Bee,Apis mellifera
43,11,255,119.0475448654038,122.0,47.99796880583717,0,255,85.42250403960533,84.0,44.95245864802464,0,255,76.48012857977791,79.0,42.7223091356597,0.0193913333333333,465392,4947,0.2389708657046869,0.8012422360248447,3330.6757486162205,2194.1604153058065,Bee,Apis mellifera
44,9,255,127.00183867456124,127.0,48.30789912343073,0,255,103.29353742399702,106.0,45.1959315936269,0,255,88.42585561426334,85.0,45.46596517587922,0.0125543333333333,301304,3483,0.3121100924712744,0.8389830508474576,3187.6207285664977,2130.733637787749,Bee,Apis mellifera
45,9,235,89.05096857116627,79.0,46.040288134023065,6,217,74.80014689230957,68.0,42.82184800071397,0,250,47.33235609144046,32.0,42.04209301943399,0.0136154166666666,326770,4195,0.233339418807043,0.9702970297029704,3079.6751476573736,1994.453376992992,Bee,Megachile centuncularis
46,5,255,98.75631484772912,98.0,45.116983404329694,0,243,84.42244744012564,84.0,42.30267497143755,0,241,68.4666369442725,60.0,44.161856556184176,0.0209344583333333,502427,4679,0.2883877067903793,0.9551282051282052,2789.11421559749,1724.2014780256634,Bee,Megachile centuncularis
47,3,255,94.8547272202047,87.0,59.198221012850674,0,243,82.9542581435017,78.0,52.42729801160636,0,255,109.70195746671068,97.0,66.94287514806337,0.012116,290784,3715,0.2647663169554275,1.007936507936508,3323.0937878287664,2064.5031844943323,Bee,Megachile centuncularis
48,6,255,109.06776568767376,111.0,62.73058274468275,4,237,89.05055583925835,87.0,54.26655384488815,4,255,110.66532671651106,101.0,66.23459967379456,0.009546375,229113,3047,0.3101092263826215,0.696969696969697,3113.5139429015376,2023.9430150187895,Bee,Megachile centuncularis
49,32,255,181.83911814399312,189.0,38.70784946363298,14,255,184.90425576725968,192.0,37.77343469349943,17,255,159.38617355368032,155.0,44.09615550758479,0.01780525,427326,2736,0.7173597337033824,0.8561643835616438,2863.260264996747,2177.886725825248,Butterfly,Pieris rapae
50,10,255,122.11744739626192,121.0,54.72590692677946,4,250,95.00974827453022,88.0,53.27815148572213,4,255,104.86522653612992,102.0,56.3744061622761,0.0198496666666666,476392,5086,0.2314310427579753,0.8493150684931506,2803.972400879948,2302.9514097633883,Bee,Megachile centuncularis
51,5,247,129.2709602789892,135.0,52.81239303662712,2,248,108.5601475482077,108.0,50.47306293529595,2,255,131.83512703429622,134.0,58.2764068959622,0.0219363333333333,526472,4482,0.3293376923868616,1.38135593220339,3125.997105259159,1520.172514397727,Bee,Megachile centuncularis
52,7,245,109.41142564077415,110.0,47.05223512411098,0,240,97.11783828625605,98.0,47.8768050166617,6,255,105.92190564927422,102.0,51.5217163980035,0.020392,489408,4120,0.362315151618241,0.937984496124031,2943.5635706813127,1614.9186363933568,Bee,Megachile centuncularis
53,19,255,124.50289953991609,118.0,48.61106263466452,0,234,105.12211436371908,102.0,46.842134271510666,1,241,105.5917614641792,98.0,46.93231968967758,0.0164825,395580,3436,0.4210540798265565,0.7704918032786885,2652.7513423327773,2413.306203549219,Bee,Megachile centuncularis
54,7,234,111.74148166995316,104.0,55.12735174473065,0,240,99.25816494568484,91.0,55.87585840050301,0,238,84.50671783672229,70.0,53.71306247538559,0.01179075,282978,3956,0.2272217869586084,1.0092592592592593,3274.443596321976,1353.196990578773,Bee,Megachile centuncularis
55,4,220,71.99095195024037,67.0,40.42840314215665,0,191,47.83719705605392,38.0,38.23780394746878,0,170,33.5946963126332,22.0,31.981206024457013,0.0134513333333333,322832,3920,0.2640063097519367,0.9285714285714286,3074.1406923725035,2400.082086038559,Bee,Megachile centuncularis
56,0,255,92.5645533253855,80.0,54.07594998993741,0,255,76.86732659722087,67.0,50.86139309163242,0,255,59.92730177653566,47.0,43.963559584285626,0.0085278333333333,204668,2634,0.3707048503760987,1.3472222222222223,2988.3611702855355,2255.087869134403,Bee,Anthidium manicatum
57,0,255,94.5963229374126,83.0,54.8550832070038,0,255,79.68334463324717,69.0,52.26630391162066,0,255,62.76728886817238,49.0,45.39312148954312,0.0078663333333333,188792,2647,0.3385989201085305,1.3333333333333333,2821.1126954531974,1992.51555150642,Bee,Anthidium manicatum
58,3,255,74.82939508506617,68.0,49.49227729865104,1,255,60.47057527794688,54.0,43.824063296595405,0,255,52.16240668354106,39.0,43.68838297700684,0.0104036666666666,249688,3301,0.2879496042807508,1.1927710843373494,3171.9594533978407,2528.408493800263,Bee,Anthidium manicatum
59,3,255,84.08003167269611,74.0,57.53349456179204,0,255,68.2764568713769,60.0,51.72035802733615,0,255,62.41357930523471,43.0,54.71550666708135,0.0114715,275316,3811,0.2382118805546132,1.04,3350.395036975693,2479.878074648768,Bee,Anthidium manicatum
60,6,255,107.65947527052766,104.0,54.97686060175823,6,255,85.07537099441154,78.0,51.04521187023133,0,255,68.8714130230027,57.0,46.31843397196173,0.0079628333333333,191108,2996,0.2675500974336807,1.0680272108843538,2849.223308286414,2097.301933984972,Bee,Anthidium manicatum (+Apis mellifera)
61,4,211,75.80724840901736,70.0,49.46692969852889,3,193,52.75580255145567,47.0,34.12138298515471,3,240,69.63907247428442,58.0,46.39927561159466,0.0169968333333333,407924,4915,0.2121983864657356,0.84472049689441,3714.814592914367,2336.4172051656683,Bee,Anthidium manicatum
62,3,193,59.27995171491021,49.0,40.58584645452308,0,182,40.5533088999144,33.0,31.240178397912853,0,208,49.027884431590586,42.0,32.39865906228563,0.0200545,481308,5760,0.1823005493964048,0.6764705882352942,2441.2136095805595,1669.9247467318226,Bee,Anthidium manicatum
63,0,255,73.0190085830942,46.0,65.25463976448916,0,255,57.99138530382131,33.0,58.797617514820814,0,255,59.9767662339304,41.0,54.731540009823576,0.0131848333333333,316436,3060,0.424671285800452,1.4457831325301205,2794.3980836567266,1736.7959144977185,Bee,Anthidium manicatum
64,1,187,67.26484174399792,69.0,44.36605732289278,0,185,50.05345592355841,41.0,35.2794171479545,0,196,55.19816431269373,49.0,35.77181740908694,0.02632075,631698,5975,0.222353283292582,1.3795620437956204,2633.491848953139,2293.66958578308,Bee,Anthidium manicatum
65,2,202,59.47885162858333,51.0,41.52924318853662,0,177,39.97087426694976,31.0,31.198525113432456,0,225,52.61118639786452,43.0,38.92540580006507,0.0244128333333333,585908,5937,0.2088840090025007,0.70625,3373.477829283778,1831.8170429487225,Bee,Anthidium manicatum
66,0,255,91.45933148573748,93.0,66.04640040410699,0,255,72.9335169663377,66.0,58.18152926965298,0,255,70.81611802081925,57.0,59.954408305061946,0.0246566666666666,591760,6612,0.1700943076867217,1.423264907135875,2687.230444774909,1850.622211707449,Bee,Anthidium manicatum
67,0,255,110.33575888522968,99.0,59.10087198833934,0,255,89.91863375911366,85.0,54.38322765275496,0,255,88.1391178542194,74.0,55.414982527553725,0.0175103333333333,420248,5088,0.2039958413502997,1.7766990291262137,2671.304658201824,1764.2638917972245,Bee,Anthidium manicatum
68,5,255,109.28607334922944,104.0,59.923689298199605,4,255,92.61858091020758,88.0,54.36656872153176,4,255,84.73291683440168,74.0,52.80507302480723,0.0161465,387516,4097,0.2901132569954719,1.0714285714285714,3904.984991587444,2228.6927197844734,Bee,Anthidium manicatum
69,0,232,63.17977607310057,52.0,46.06679906450284,1,253,61.18455167616147,56.0,41.13404586926272,0,255,54.62972154849869,48.0,44.47146614823877,0.017729,425496,4214,0.301103832419539,0.8045112781954887,2840.400483200782,2292.135380826141,Bee,Xylocopa
70,0,255,50.69719805233796,40.0,37.87117693518929,0,255,48.74256525868751,41.0,34.63127780344889,0,255,44.75581896787013,39.0,37.399605135251626,0.0152661666666666,366388,3844,0.311590599770519,0.5634920634920635,2950.4872867015297,2384.6624125244275,Bee,Xylocopa
71,6,255,99.345234920481,93.0,50.06103383541019,4,255,73.5363047905353,66.0,45.85563568344358,0,255,54.45639182505818,44.0,42.749782532881866,0.0068746666666666,164992,2533,0.323148668979049,1.1285714285714286,3416.4022740496507,1652.891946276183,Hover fly,Eristalis
72,7,255,128.65015824573302,137.0,60.84687978631944,0,255,115.84637730304058,123.0,63.483965013848746,0,255,74.54777325647112,70.0,48.48574799265993,0.0073725,176940,3019,0.2439549647531267,0.3108108108108108,3699.0143099355714,1451.2459364756414,Hover fly,Eristalis
73,5,255,135.72293625581418,142.0,56.91482763043282,0,255,118.43931877554364,125.0,61.89142409699763,0,255,91.79726654590802,87.0,60.60547157580654,0.0183101666666666,439444,4619,0.2588317082891413,0.9758064516129032,3663.2477130191783,1966.651077270369,Hover fly,Eristalis
74,6,255,128.26827255580005,130.0,47.53618934992456,3,255,108.82296005580008,108.0,53.56727055160387,1,255,76.27223406554542,69.0,45.67928054050975,0.0169653333333333,407168,3992,0.3210720031184729,1.148148148148148,3375.634234517448,1760.7671526249608,Hover fly,Eristalis
75,12,255,105.55332108164872,90.0,59.65607774506151,6,255,81.65403868031855,67.0,54.494725307105824,2,255,78.60267786820688,65.0,53.323136286219366,0.00476125,114270,2508,0.228290073058166,1.276190476190476,2973.254642513345,2281.5175986698173,Bee,Macropis fulvipes ?
76,5,255,110.83375068520456,111.0,61.55467502324706,0,255,90.53487068321124,96.0,58.38615622612765,0,255,64.45392933672198,60.0,49.203196265409794,0.013378,321072,3156,0.4050776746777896,0.5343511450381679,3201.5142647132107,2150.691626800219,Hover fly,Eristalis
77,0,255,84.87350331362124,74.0,56.43332910992632,0,255,68.95140997069507,57.0,53.60675619955159,0,255,67.02446756862676,52.0,53.4191565666186,0.007123375,170961,3171,0.2136556733547531,1.1682242990654206,3151.10220459637,1700.1125695334024,Bee,Macropis fulvipes ?
78,0,255,84.15991308534143,72.0,60.52150962836234,1,255,73.16555909938876,55.0,57.559225680650094,0,255,44.343848058390144,30.0,40.83407674502841,0.0193868333333333,465284,6416,0.1420362742839478,1.2148148148148148,3077.894851316615,1798.8484194599428,Wasp,Vespula germanica
79,4,255,85.31110408902556,86.0,60.530344353891365,3,255,65.12718263792969,59.0,48.82967500486502,0,255,44.00724179719059,26.0,44.88349078717169,0.0127903333333333,306968,4871,0.1625798466267088,1.7419871794871795,2440.9483203460945,2045.404589403456,Wasp,Vespula germanica
80,2,255,76.4423939560872,70.0,57.97136115149376,0,255,59.143382256499045,46.0,49.17503235619132,0,255,43.44553854830671,21.0,48.38407487797402,0.012707,304968,4420,0.1961641302142629,1.9565972222222223,2996.774140237664,1867.0641641090208,Wasp,Vespula germanica
81,3,255,88.10591630514726,87.0,60.11675446258074,2,255,68.73323331592356,58.0,52.76957913598319,0,255,48.52152594945479,25.0,49.50401447955212,0.0156361666666666,375268,5504,0.1556662796939099,1.9243827160493827,2764.330771608557,1874.2526407793896,Wasp,Vespula germanica
82,0,255,112.94482970687385,116.0,56.71495982213772,0,255,96.30270307206813,96.0,53.95494139550035,0,243,75.13899782992223,65.0,50.73854161327515,0.0402443333333333,965864,11751,0.0878974327532776,1.881188118811881,2735.334560559251,1940.844383888415,Dragonfly,Aeshnidae
83,1,255,93.7656948629336,66.0,78.5587675342281,0,242,83.5069122211484,54.0,72.62943819410299,0,234,61.49863658227139,40.0,53.19102758397679,0.1874578333333333,4498988,11191,0.4514263519177466,1.6920415224913494,3196.9260767088067,2370.4136103497053,Butterfly,Papilio machaon
84,3,255,100.18287096586808,95.0,69.51829678158431,1,243,84.79046579753201,69.0,65.67095152522523,0,255,82.13378505099458,66.0,66.8795716506481,0.015821865720477,241006,2396,0.5275505635921742,0.8833333333333333,2525.2900508701027,1038.0281071840534,Bumblebee,Bombus hortorum
85,4,233,77.69553858140547,75.0,52.77881863652352,0,174,22.564004252124484,13.0,25.33270898989938,0,159,22.72829697367342,13.0,25.43445812575944,0.0528363333333333,1268072,8592,0.215856554418036,1.3345375722543351,2807.1967396173086,2592.159189699008,Bumblebee,Bombus hortorum x2
86,2,255,91.79119826222774,86.0,66.16599037677628,1,255,73.792719141089,61.0,58.68186080433406,0,255,61.99315850609336,45.0,55.982204886129935,0.0253965,609516,4886,0.3208396613218776,1.0289855072463767,2875.7201976650326,1289.3835371015691,Bumblebee,Bombus hortorum
87,0,255,67.63741073183516,44.0,64.11920735358866,0,255,52.78134868636572,27.0,59.016757562236094,0,255,37.9847687217454,18.0,54.78764322695573,0.0254383333333333,610520,3695,0.5619282604018482,1.8780487804878048,3078.047533250344,2227.85662058573,Bumblebee,Bombus hortorum
88,5,249,90.54806037718416,88.0,57.64051144793565,0,210,39.04691608248931,31.0,34.50137443299979,0,176,39.15233555455466,25.0,36.03608649438299,0.0432945,1039068,5497,0.4321180028611249,1.1895424836601307,2924.533004577179,2256.899767868898,Bumblebee,Bombus hortorum x2
89,0,200,81.51463298859942,91.0,54.26400797878663,0,184,70.09355283166288,69.0,51.06557496605097,0,193,65.46795738853557,51.0,50.652295073106345,0.0198381666666666,476116,3903,0.3927584502866236,0.926829268292683,3215.516907644356,1996.2117887237564,Bumblebee,Bombus hortorum
90,1,255,81.16849171546137,74.0,49.59129829258736,1,255,59.108829096009394,50.0,42.399479161628,0,255,57.07836725727274,45.0,44.602700205003934,0.0197255,473412,5044,0.2338293220013864,1.009090909090909,2917.719964850912,2245.9291188225056,Bumblebee,Bombus pascuorum
91,3,255,89.4987675260541,80.0,64.29633802438006,0,255,71.18484257706395,55.0,57.53409804531566,0,255,55.7479965697726,41.0,50.37184084880473,0.0394531666666666,946876,4735,0.5307170084973121,1.1538461538461535,2252.0678652748616,1237.8021831792123,Bumblebee,Bombus hortorum
92,2,230,81.0776030255927,84.0,53.409697245301096,2,215,68.28644480618827,66.0,48.60526503889549,0,255,71.70087634480986,62.0,57.075468764059096,0.0340429166666666,817030,5547,0.3336810440283511,0.7843137254901961,2486.206144205232,1516.9124144768246,Bumblebee,Bombus hortorum
93,1,236,75.54917430640879,68.0,51.2400177459449,0,218,56.114034428243706,45.0,44.06745153207635,0,255,42.42026171307792,30.0,40.30506630148734,0.0387956666666666,931096,4266,0.642928418488656,0.9125,3133.94956481394,1928.9374028027185,Bumblebee,Bombus hortorum
94,3,255,96.504565997827,92.0,61.53062994815627,0,255,83.50684331635414,68.0,61.6946069417265,0,255,44.77779877799398,37.0,38.59714770491172,0.0403435,968244,7218,0.2335398102509966,0.8617511520737328,2544.313264011964,2788.0992353167176,Bumblebee,Bombus hortorum
95,0,255,71.71341695446867,55.0,62.06717409062754,0,255,54.98213657670332,38.0,50.52922798857918,0,255,31.641768670614216,21.0,31.17620335523289,0.0289068333333333,693764,4250,0.4826627290184333,1.2941176470588236,1886.3500498728677,2223.5374565414177,Bumblebee,Bombus hortorum
96,2,255,105.84271684901933,107.0,64.73697664056229,2,255,87.9574906084964,90.0,56.50285266766687,0,255,64.019556693643,53.0,50.846824559479096,0.0365135,876324,4738,0.490551329614955,1.5083333333333333,2810.409528895705,1851.4311647290272,Bumblebee,Bombus hortorum
97,3,255,100.59977207645466,93.0,71.1289928934385,0,255,81.1874935310252,66.0,66.11335605476242,0,255,70.2089996377374,49.0,65.63988891007811,0.038646,927504,4592,0.5527412756493959,1.5847457627118644,2914.5598552674705,2037.3237031861856,Bumblebee,Bombus hortorum
98,0,174,53.36859809370013,29.0,50.0597273037601,0,170,49.71052722880014,21.0,51.0711290980852,0,196,40.64542633116125,14.0,45.36482638558493,0.0264211666666666,634108,5962,0.2241760192256376,1.25,2642.791902956594,1205.1894251452434,Bumblebee,Bombus hortorum
99,0,255,60.03841173585615,53.0,44.533548857686455,0,255,44.70160288583621,31.0,37.34834650680289,0,255,34.32901787146662,21.0,32.72125957511559,0.0363615,872676,4794,0.4771630841157019,0.6098901098901099,3294.051405103384,2345.636621151493,Bumblebee,Bombus hortorum
100,1,255,57.15088231038384,35.0,51.68615609291158,1,255,48.67015962484544,27.0,46.36411961900147,0,255,43.05535075372919,22.0,44.3313830106659,0.0253406666666666,608176,4524,0.3734168829585745,0.9923076923076924,2870.87990318592,1895.7785049064744,Bumblebee,Bombus hortorum
101,0,255,79.70279900445274,75.0,58.74918258336516,0,255,64.67220342608256,53.0,52.89373196272036,0,255,56.63262945031013,40.0,51.07557512996772,0.0257145,617148,4732,0.3463456345453176,0.68125,2922.137075709554,1799.5320474181233,Bumblebee,Bombus hortorum
102,0,255,68.93065812099421,52.0,60.17033040059961,0,255,56.02605127403471,38.0,52.410673627679216,0,255,50.024087853681415,30.0,52.49578259827528,0.0266541666666666,639700,4713,0.3619022933574507,0.9452054794520548,2862.8638861966547,1584.6994778802564,Bumblebee,Bombus hortorum
103,0,255,81.31879203547662,83.0,59.19534254199195,1,255,66.790238912082,59.0,52.096450959956506,0,255,58.255952134915056,45.0,50.06910933359936,0.0282251666666666,677404,4531,0.4146383775227442,1.2461538461538462,2958.395775637581,1957.005881276166,Bumblebee,Bombus hortorum
104,2,250,76.42868389909269,57.0,62.1324429509921,1,240,70.00845463115877,44.0,62.867982007312726,0,249,60.49168744943602,40.0,56.42238608004767,0.0249271666666666,598252,4871,0.316852956673405,1.0208333333333333,3113.3987149228083,1758.2822556380922,Bumblebee,Bombus hortorum
105,3,255,80.15438618071909,66.0,61.540598009130775,0,255,61.10296980986188,42.0,57.11019665722768,0,255,53.9687800934875,31.0,57.55921620406462,0.0237108333333333,569060,3313,0.6515159492342513,0.6842105263157895,3022.2389695286965,2226.3202122799003,Bumblebee,Bombus hortorum
106,0,255,68.10974772519633,65.0,45.03107665558895,0,255,51.90527416467308,48.0,37.10612303639808,0,255,40.52337119831852,36.0,30.689199803655637,0.0315595,757428,5408,0.3254451875512057,1.2481751824817515,2760.249285740691,1741.965910951272,Bumblebee,Bombus hortorum
107,6,255,108.29329181878398,110.0,59.5003464282658,0,255,83.63727914105704,83.0,52.28753962568955,0,255,64.08316581172882,59.0,39.56756179279164,0.021639,519336,3938,0.4208301714522423,0.896551724137931,2542.864157308564,1297.864334457846,Bumblebee,Bombus hortorum
108,1,255,71.41703143544682,70.0,45.57685407761529,0,255,54.89458726684742,47.0,39.86674625630141,0,255,52.6194318317926,41.0,43.66181756538147,0.0153065,367356,3029,0.5031511329082974,1.2988505747126438,3003.0570999248685,1657.7344047735712,Bumblebee,Bombus hortorum
109,3,220,81.8713922551532,81.0,50.862524895456765,0,209,65.75769915976682,56.0,48.81402086754181,0,255,46.88347634993721,43.0,35.73944444556945,0.0326496666666666,783592,6776,0.2144633387833158,0.9116279069767442,2745.7506406395164,2250.230170803173,Bumblebee,Bombus hortorum
110,3,245,73.23347280495489,74.0,45.70299874990875,2,227,64.10663047320455,68.0,40.82381741221567,0,233,37.59503857562205,32.0,29.485109642262813,0.021689,520536,4176,0.3750936003416895,0.9106302916274694,2969.9490909370343,1783.5514316012725,Bumblebee,Bombus hortorum
111,2,255,76.99542957042956,68.0,55.974491364225216,1,255,64.80999577345732,49.0,52.97788769433801,0,255,57.72821793591024,40.0,51.09289777810475,0.0216883333333333,520520,4161,0.3777912139129235,0.962406015037594,2735.7652539767923,1659.0549220010755,Bumblebee,Bombus hortorum
112,0,255,73.91542804005185,63.0,59.90428842940012,0,255,57.91564783678683,47.0,51.99952187417639,0,255,57.84230993218237,45.0,54.86500518137295,0.0443591666666666,1064620,4553,0.645370610190022,0.9352941176470588,2816.5360786008155,1700.6405478010934,Bumblebee,Bombus hortorum
113,0,255,56.54241422816928,28.0,58.17161216692459,0,255,46.62733239188814,17.0,53.533163470563885,0,255,40.955591952958606,15.0,50.84805030270703,0.0287973333333333,691136,3928,0.5628989271837131,0.7320261437908496,3153.365195851468,1864.2615751458468,Bumblebee,Bombus hortorum
114,1,255,59.9264219160341,40.0,50.24056610247846,0,255,48.01742094470627,29.0,43.60346811548293,0,255,41.47479719034428,23.0,41.18359986525607,0.0185313333333333,444752,4250,0.3094210914034257,1.0176991150442478,3079.001870705472,1942.8403694643307,Bumblebee,Bombus hortorum
115,0,255,48.25757385220413,27.0,46.34631385495757,0,255,35.063826138650086,19.0,35.56704647731119,0,255,28.61070399670752,15.0,36.44290499427943,0.0145786666666666,349888,2625,0.6380875873393954,1.452054794520548,2525.476598225718,1341.766016553869,Bumblebee,Bombus hortorum
116,0,255,44.072200246081664,29.0,41.98977782090206,0,255,34.127051159688605,18.0,36.92559199896569,0,255,23.378694099789566,14.0,29.635938111769452,0.0289876666666666,695704,4140,0.5100745817806153,0.75,2946.0954946356496,2896.057300231133,Bumblebee,Bombus hortorum
117,0,255,79.33237697014737,75.0,55.04209463970868,0,255,63.96975109472229,57.0,49.20162808826088,0,255,44.20790551758846,35.0,37.77769459133865,0.0354351666666666,850444,4719,0.4799053934646198,0.9393939393939394,3555.332701506507,1722.1227970330792,Bumblebee,Bombus hortorum
118,0,255,51.736603188662535,30.0,50.03049178865309,0,244,43.72872882948171,19.0,45.573749576652745,0,255,43.70528468923066,19.0,46.87815091744344,0.037257,894168,5736,0.3415157224568879,1.1712328767123288,2456.051234219968,1838.9202700163728,Bumblebee,Bombus hortorum
119,6,255,98.86679658978656,95.0,59.26082927106367,4,255,85.03650732293949,76.0,59.95046411253332,0,255,76.41388029893055,62.0,58.26662468343941,0.015522,372528,3924,0.304026043256049,0.8699186991869918,3173.8215543529614,2664.6364085384184,Bumblebee,Bombus hortorum
120,4,255,92.23340405116332,73.0,69.91322839791547,0,255,68.99127617806808,52.0,54.7893073594909,0,255,50.79877989735645,40.0,42.85760249758821,0.02839925,681582,8785,0.1109799295842086,1.5116279069767442,3450.9704760395666,1347.1686180092784,Bumblebee,Bombus hortorum
121,1,255,52.2702112970948,42.0,40.983325918618725,0,255,40.38513111284646,30.0,33.45577913416639,0,255,38.69533154517367,25.0,37.68652622821997,0.018408125,441795,5602,0.1769067693338293,1.3235294117647058,3237.7417603187,1955.7766000067904,Bumblebee,Bombus hortorum
122,0,255,84.68429266825447,75.0,56.69897109425694,0,255,63.56085643430648,51.0,48.47260245339925,0,255,50.8648547032681,36.0,43.06832012486656,0.0271513333333333,651632,8060,0.1260498066020792,1.3220338983050848,2767.0718841309204,1791.4102576300734,Bumblebee,Bombus hortorum
123,2,255,113.03840046017253,115.0,76.30952605902499,0,255,90.63322572122132,78.0,71.50702203227968,0,255,83.88364130763853,62.0,74.75051225712275,0.0302785,726684,6537,0.2136970328867759,0.9954954954954957,2723.296068167181,1557.559904993092,Bumblebee,Bombus hortorum
124,0,255,71.88665306544281,73.0,51.874154995785375,0,255,66.42482261630896,69.0,49.83650600148139,0,255,54.12088629963777,47.0,49.178215871287854,0.032656375,783753,6799,0.2130585651284795,1.1861702127659577,2330.05119980402,1365.1811808056875,Bumblebee,Bombus hortorum
125,0,255,65.16607852991889,52.0,54.5346978585044,0,255,54.26297588978678,45.0,47.56385767636129,0,255,38.30680913399766,23.0,47.53078171559868,0.0388822083333333,933173,7690,0.1982984634649801,0.922509225092251,3096.194041190648,2256.209970712826,Bumblebee,Bombus hortorum
126,0,255,78.70723601667166,58.0,67.6622433210776,0,255,60.93383152478819,37.0,59.0914272771551,0,255,54.3738629014654,27.0,61.00885449992696,0.04084775,980346,6471,0.2942025587359329,0.5671140939597316,2903.9902871027166,1998.8309209197569,Bumblebee,Bombus hortorum
127,0,255,87.26003512552973,87.0,52.73402151694145,0,255,73.98492140792241,71.0,50.6352822789704,0,255,56.55249142584783,50.0,42.21195395713009,0.0321703333333333,772088,5794,0.2890145351372992,1.160220994475138,2200.4419742309165,1797.726247526189,Bumblebee,Bombus hortorum
128,0,255,56.28725669891844,38.0,53.23246474737508,0,255,46.40260831535653,22.0,48.5437700617364,0,255,45.92863888984438,18.0,52.06759152638376,0.0423964583333333,1017515,8117,0.194070530182476,0.9260869565217392,2121.7616035144447,2250.261844788529,Bumblebee,Bombus hortorum
129,1,255,86.14045150287609,91.0,50.60168665195235,0,255,66.3192550106193,63.0,45.54533060322647,0,255,53.57339158466471,51.0,38.58660178959806,0.030271125,726507,6526,0.2143658144226906,1.0323691460055096,3336.904855699945,2224.637556141923,Bumblebee,Bombus hortorum
130,3,255,75.02804724441967,61.0,56.05831992748551,0,255,56.8750831113589,42.0,45.47369334330291,0,255,49.09832744842966,31.0,46.40285332390269,0.02017875,484290,5646,0.1909121716780074,0.7738693467336684,2860.610960374982,2046.0251378306384,Bumblebee,Bombus hortorum
131,0,255,65.0551368869721,30.0,69.45838866925253,0,255,55.87843352375187,19.0,65.70744534650939,0,255,53.47284833352249,15.0,65.23681776870235,0.03304125,792990,6019,0.2750609179774357,0.8325358851674641,2908.8503562466108,1360.8085095650638,Bumblebee,Bombus hortorum
132,1,255,60.98309569466573,49.0,52.01132530648788,0,255,48.52503212885597,31.0,46.83268150104536,0,255,48.807368758184246,26.0,49.963818646861,0.030832875,739989,6451,0.2234503525400799,0.8318181818181818,1669.1627740412357,2495.481194990736,Bumblebee,Bombus hortorum
133,0,255,89.01089003284041,82.0,59.66821151510721,0,255,81.81622975859196,68.0,59.882759062715294,0,255,69.1552667827756,51.0,59.831293488627686,0.03890025,933606,8267,0.1716633655688957,1.1931330472103003,2545.559186637618,1509.6081966054203,Bumblebee,Bombus hortorum
134,0,255,68.1893866464966,43.0,64.73275376019184,0,255,55.55770387815444,28.0,58.853370282044494,0,255,52.63846545588943,23.0,59.837389335277486,0.0387813333333333,930752,6324,0.2924557197757202,1.0043103448275863,3235.919706860689,1017.0722931565014,Bumblebee,Bombus hortorum
135,1,255,99.67920744291324,99.0,70.1937183329122,0,255,84.23375607482858,79.0,65.87671119161732,0,255,71.149415817855,47.0,65.60661649898657,0.020028,480672,5664,0.1882834723800535,1.4324324324324325,3337.6636084481725,2173.3788591804805,Bumblebee,Bombus hortorum
136,1,255,59.077856604831226,47.0,48.69757788791372,0,255,44.63228288985817,30.0,43.03443691857957,0,255,44.946043757773225,28.0,45.08026509670401,0.035679375,856305,4256,0.5940665582315287,1.1851851851851851,2943.5598180554825,2257.0363702185555,Bumblebee,Bombus hortorum
137,0,255,90.20255033971112,87.0,61.477050012937454,0,255,71.04232314585599,61.0,55.606699027661485,0,255,59.8059501499973,47.0,49.7903372795414,0.0216115,518676,5330,0.2294307363104894,0.8730305838739574,2919.109156776099,2082.60710154316,Bumblebee,Bombus hortorum
138,0,255,54.9128830345788,41.0,48.7291049441437,0,255,40.485532607228365,24.0,41.509618208895525,0,255,31.12463428323777,18.0,37.48206589845655,0.029323125,703755,4979,0.3567361367917889,0.7918552036199095,2931.828069427571,2261.12484032085,Bumblebee,Bombus hortorum
139,7,255,105.6927600714775,92.0,51.09277092240722,4,226,93.3037930791797,86.0,44.67399119695223,0,255,81.02708729214623,66.0,54.12170316462339,0.024273375,582561,5024,0.290036068569465,0.9182692307692308,2922.1954507768287,2178.400982901361,Bumblebee,Bombus pascuorum
140,16,246,135.48870628695155,140.0,45.13782409308563,10,231,118.74709504163056,120.0,39.98686519375131,6,255,98.21545370906998,98.0,44.70080842469449,0.021783875,522813,4206,0.3713793102669289,1.3661971830985915,2486.9432378307347,1922.027160763026,Bumblebee,Bombus pascuorum
141,6,255,125.05788004868016,122.0,62.46572509706528,1,254,113.74758077174758,114.0,52.06538199352087,0,255,91.94302913674272,90.0,51.1614456420964,0.0204395416666666,490549,5852,0.1800046083905823,1.0476190476190477,2782.8838485044307,1422.763391628563,Bumblebee,Bombus pascuorum
142,15,255,121.80815960546964,115.0,45.28569208774478,0,222,98.07513337816631,95.0,38.08876143284756,0,255,95.05364716431292,91.0,46.5350095654531,0.0185875,446100,4693,0.2545311729386587,1.3202614379084967,3854.854176193679,1286.7907487110513,Bumblebee,Bombus pascuorum
143,3,255,129.0591220750067,123.0,62.12159286752092,0,255,93.23357001683624,96.0,48.1089226899501,0,255,85.38861479149891,66.0,59.44869963125927,0.008538125,204915,2588,0.3844634602991045,1.1263157894736842,2774.778093355781,1979.3797232999048,Bumblebee,Bombus pascuorum
144,3,255,125.8340492349398,114.0,56.0829894307748,0,255,87.34908794135335,81.0,44.56803437297035,0,255,74.39354065843857,52.0,58.39094748497573,0.00873025,209526,3057,0.2817454483386588,0.7264957264957265,2695.09831238128,1942.8003589053387,Bumblebee,Bombus pascuorum
145,1,255,117.02991320764612,109.0,52.96459731722072,0,255,83.19411595038939,77.0,45.2339519763806,0,255,66.36265568870127,50.0,51.82888609185121,0.0079452083333333,190685,2181,0.5037500056433446,0.8877551020408163,3409.8679130503187,1792.4502818784906,Bumblebee,Bombus pascuorum
146,7,255,116.16701904049684,105.0,57.26391698462471,0,234,96.80323537648604,95.0,49.90774445280126,0,247,63.80490645936622,55.0,42.55297867015071,0.02707825,649878,4460,0.4105556014656641,1.2467532467532467,2977.917790723797,2291.549569303777,Bumblebee,Bombus pascuorum
147,13,255,157.32570393290763,153.0,59.17786279284479,5,255,117.2593223547227,112.0,50.14403697910251,0,255,97.42691227541556,84.0,60.65703037710227,0.02157225,517734,3517,0.5259831283470999,0.9753086419753086,2839.599603271178,2108.9265704010168,Bumblebee,Bombus pascuorum
148,5,255,115.87385542360354,117.0,50.11706451468267,0,194,65.67562657919362,60.0,40.3591228726384,0,194,42.76275395458286,33.0,29.99371559975711,0.028808875,691413,3921,0.5651369720027327,0.7696335078534031,2651.625757687518,2558.0330338017943,Bumblebee,Bombus pascuorum
149,12,255,137.95081814801043,128.0,55.827605178291066,6,255,119.98275654627788,120.0,51.80945675873337,5,255,99.60025594469845,83.0,54.23664419298306,0.0152376666666666,365704,4094,0.2741851300943977,1.0180722891566265,3510.492876752784,1984.5422882987332,Bumblebee,Bombus pascuorum
150,0,255,94.96780146944973,90.0,48.1940332225526,3,254,75.7620810045402,69.0,46.18582690655675,0,255,81.74230436889081,69.0,62.425271889919486,0.01668425,400422,4958,0.2046985421445296,1.2781862745098038,2467.453424137535,2361.7002637217734,Bumblebee,Bombus pascuorum
151,4,255,109.49046994933762,96.0,60.99285567103733,0,255,79.07836505119133,64.0,54.54797199860022,0,255,73.02051767305726,52.0,59.05124579683015,0.0141788333333333,340292,2909,0.505328928346442,0.746268656716418,2953.937694685741,1991.689742926663,Bumblebee,Bombus pascuorum
152,13,255,120.14220075266616,120.0,55.85280406157719,0,255,91.61228312527004,90.0,49.7397340953076,0,255,83.14025086977284,75.0,49.08915214785237,0.029318,703632,5114,0.3380913027371469,0.8432432432432433,3121.807215987903,1681.0898651567866,Bumblebee,Bombus pascuorum
153,1,255,136.1415053392223,142.0,57.01993331086474,0,255,109.0343844165006,113.0,51.974692658105575,0,255,94.96329026681728,92.0,49.82639663955833,0.033310875,799461,6061,0.2734755966195263,0.920114122681883,2655.211585055431,1632.6337257227058,Bumblebee,Bombus pascuorum
155,13,255,167.42652187907282,195.0,69.89839813034867,2,255,162.11003646072425,182.0,73.43644799634636,9,255,165.43121797814467,198.0,76.83178541206327,0.007896625,189519,2631,0.3440494944366788,0.7175572519083969,2968.0400065428794,1978.6235522559743,Butterfly,Pieris rapae
156,3,205,81.81652542716064,81.0,47.4706517779281,3,182,68.39214008223298,62.0,43.55084321842397,0,157,56.903931038765045,45.0,38.911623267216505,0.0154337916666666,370411,3276,0.4337165087146407,0.6946107784431138,3282.620502630861,2129.6857193765845,Bumblebee,Bombus pascuorum
157,10,255,112.33582539610788,122.0,57.54400729261111,0,251,75.77551479416502,77.0,45.015250931473545,0,255,106.80425638882794,111.0,64.2242621386703,0.0377922083333333,907013,5976,0.3191554008884311,1.092511013215859,3095.8432944180518,1694.1121340046946,Bee,Megachile centuncularis
158,2,212,80.91494549528102,76.0,43.57216240457162,0,191,57.68113301727727,51.0,35.75178268175695,0,230,69.70647960932342,54.0,49.25092875093723,0.018113875,434733,4449,0.2759990966923829,1.0057142857142858,3588.377015317448,1159.5076541233354,Bee,Megachile centuncularis
159,5,219,79.10277353833399,81.0,39.786265146535015,0,187,57.24623066342585,53.0,33.86661800995795,0,236,71.92585118610216,66.0,47.75084842175193,0.02211375,530730,5467,0.223144071745658,0.8468776732249786,2404.2418141051007,1658.967043506114,Bee,Megachile centuncularis
160,7,255,104.82424838527376,110.0,59.93297170488015,0,255,73.118474917685,69.0,48.01841745426408,5,255,104.92131948935996,98.0,63.6514987961191,0.032661625,783879,5435,0.3334723247075683,1.1855670103092784,2201.8237853035994,1909.906763671434,Bee,Megachile centuncularis
161,13,245,120.70241914917592,123.0,46.47936707293691,0,219,66.45348816520672,63.0,32.47926382437013,10,255,102.70735747935608,91.0,57.81061897308479,0.021076625,505839,4718,0.2855658703750347,1.2133333333333334,3241.321584535791,2155.0537562346917,Bee,Apis mellifera
162,6,251,135.89025520944205,145.0,49.04036432688017,0,223,84.16683459873695,84.0,37.18871649103314,5,255,119.9986092386291,118.0,53.076441551313735,0.01761625,422790,4046,0.3245508970151261,1.1946308724832215,3222.279391660162,2069.43148371532,Bee,Apis mellifera
163,12,241,123.72752156068776,126.0,41.20320942738069,7,205,84.9378581349907,83.0,31.521599776190627,10,255,101.20818482158973,99.0,43.76751388128711,0.026548125,637155,4736,0.3569698790740832,1.152941176470588,3241.784911049901,1573.7818929459866,Bee,Apis mellifera
164,8,237,101.31007198720552,106.0,47.74985245247992,0,222,86.93733904741688,91.0,43.82132045859385,5,255,100.83108319944762,95.0,47.84194112982383,0.034155375,819729,6335,0.2566769825828361,1.2037765538945713,3083.2965443457533,1572.746339338977,Bee,Megachile centuncularis
165,8,255,125.35642958901164,119.0,44.098509096609845,3,235,111.12306467220384,107.0,42.93109882120176,0,236,94.13716299760772,97.0,36.02704334672449,0.012401,297624,3779,0.2618930837284313,1.2109375,2954.510284788861,1708.3040615004163,Bee,Anthidium
166,12,255,120.9162863504404,108.0,54.05079104934689,7,253,108.23168023913792,99.0,54.09616590939,1,255,96.46914518033756,92.0,48.03639777654786,0.0135486666666666,325168,4417,0.2094415606325514,1.134962805526036,3118.67000442848,2424.095802785022,Bee,Anthidium
167,6,249,109.22388267240362,102.0,52.84977647706895,3,241,95.9410764649552,85.0,47.96163318759977,6,247,95.96625257441198,89.0,42.49250435377242,0.0158814583333333,381155,4759,0.2114852464327532,1.0432432432432432,2881.0316196822814,1914.045136493028,Bee,Anthidium
168,10,255,154.22360400695882,151.0,52.59988447095705,0,255,123.15572735673472,116.0,48.49947265251589,0,255,92.55566618510277,76.0,56.79161351519808,0.01920825,460998,3967,0.368115838988689,0.8719512195121951,3060.1655516943674,1868.7844741191936,Bumblebee,Bombus pascuorum
169,5,255,142.42154932137663,133.0,56.91241123284534,0,255,113.20177263424355,104.0,51.690273944252326,0,255,84.43932783971563,71.0,49.36585282786132,0.024756,594144,5608,0.2374026540409284,0.668141592920354,2862.2448631981474,2207.959774061507,Bumblebee,Bombus pascuorum
170,9,255,118.26632862180644,119.0,49.58754837999994,5,255,90.71182208524228,83.0,51.90278780544733,0,255,63.858932345202206,54.0,45.55320887794456,0.0130324583333333,312779,4348,0.2079066496744249,0.8835616438356164,2926.314445662912,1884.0174660063492,Hover fly,Eristalis
171,0,255,68.52016523790076,59.0,52.37043357591843,0,255,46.79159232980359,35.0,42.66623051586009,0,255,36.2142933910702,21.0,43.27647526951337,0.0213227916666666,511747,4228,0.3597453691378817,1.524590163934426,3419.0604693334794,2155.733211919171,Bumblebee,Bombus hortorum
172,17,255,156.86754077824256,148.0,55.371278033724366,0,255,123.72046582048198,115.0,46.79927669307374,0,255,93.0709163410192,74.0,57.95059765194081,0.020887875,501309,3797,0.4369524424810248,1.1474358974358974,3390.1016518753904,2190.4612624149977,Bumblebee,Bombus pascuorum
173,7,255,124.27028598563771,119.0,51.28228649027972,3,255,101.94294500922274,104.0,45.808230111256776,0,255,85.13152496600024,82.0,49.39329035673523,0.012898375,309561,3338,0.349127002940175,0.9407894736842104,3049.148255109655,2017.16471713168,Bee,Apis mellifera
174,12,255,131.04455508958358,124.0,47.10593034280333,5,255,107.7753866546368,110.0,42.89092504826547,0,255,76.48594379746741,73.0,39.13203796857429,0.022444125,538659,5208,0.2495639399726228,1.1011904761904765,2489.0560985707098,1114.0658022979287,Bee,Apis mellifera
175,12,255,132.9325807320256,121.0,54.56115080140464,6,255,111.19901126140122,99.0,49.64671091695081,4,255,110.54690087066996,98.0,55.24892957861908,0.030173125,724155,4505,0.4483857552398572,0.8837209302325582,2827.552129033149,1924.315855031036,Hover fly,Eristalis
176,5,255,113.54348455205636,109.0,48.63051391986865,0,255,102.58855173079068,103.0,47.27074506073947,0,255,92.26676906010064,84.0,50.12022245128831,0.0276439166666666,663454,5382,0.287828168353137,1.0380952380952382,2709.9921833314743,1632.7413475538622,Hover fly,Eristalis
177,1,252,88.55858698020984,89.0,57.33113764033814,1,237,70.75316950495187,62.0,51.996420921777634,0,255,62.46699563793098,53.0,52.924003848508704,0.02409025,578166,4086,0.4351767536761172,0.8265895953757225,2667.870132453309,2093.202381323011,Bumblebee,Bombus hortorum
178,14,255,126.30378993710106,117.0,47.45338832349098,10,255,98.99759371538732,93.0,40.26497689149171,0,255,81.6183079578271,68.0,50.34259664829166,0.026822125,643731,4254,0.4470121387977429,1.5789473684210529,3016.769016871954,1819.3892153710167,Bumblebee,Bombus pascuorum
179,3,255,114.56873502629438,114.0,70.22941507207206,0,255,104.6181887410096,101.0,67.79240768398532,0,255,90.01346984490394,82.0,68.28180926492446,0.0168524583333333,404459,3637,0.3842357462024967,1.099882491186839,3072.2740698068283,2188.6179761112994,Bumblebee,Bombus hortorum
180,7,255,83.9313843923653,76.0,49.06524767486015,5,237,73.53891633550222,66.0,43.73806799722845,5,255,87.82356224641967,77.0,51.00899925583098,0.015003875,360093,7032,0.0915096341160448,0.8390243902439024,2733.7922675531045,1642.1066530035296,Wasp,Isodontia mexicana
181,3,255,115.22291976485384,106.0,53.88855382552691,0,255,106.11590962775178,97.0,52.13828406980496,0,255,95.44573972233589,87.0,46.20760486259841,0.012524125,300579,5549,0.1226701933079381,1.0198675496688745,2811.6785603784697,1845.8164243010988,Bee,Anthidium
182,2,255,151.9011690352131,159.0,58.44350436674426,0,255,140.13267706400845,145.0,56.11791951446486,0,255,141.6243494264301,141.0,54.28500598755296,0.014082125,337971,4459,0.2136064468822614,0.6157635467980296,2875.4134319216737,1878.9698554017948,Bee,Anthidium
183,32,255,162.51115260033927,164.0,44.82998751204432,17,249,140.52751884934517,145.0,43.47809180861023,0,255,132.03773282226493,132.0,56.819067353905886,0.0244150833333333,585962,3813,0.5064606477891289,0.9574468085106383,3068.543357760401,2292.2309194111563,Bumblebee,Bombus pascuorum
184,13,255,138.17811960947574,139.0,44.348026304776006,7,234,122.6260947924242,128.0,41.26628561092313,7,255,123.3544703365268,123.0,47.29543120133609,0.02372025,569286,4717,0.3215204605052529,0.9788359788359788,2776.4955734024725,1557.5015440393756,Bee,Apis mellifera
185,37,255,108.92215160745214,96.0,55.64758822542541,16,246,115.49670113089029,105.0,36.50469574630227,17,255,96.28874414617609,77.0,54.04012456726421,0.02372025,569286,4717,0.3215204605052529,0.9788359788359788,2776.4955734024725,1557.5015440393756,Bee,Apis mellifera
186,0,249,116.6574756113095,115.0,54.33799596545894,0,234,98.01789016414324,102.0,48.08528319597917,1,255,91.09003720345945,86.0,44.89987039047762,0.01897225,455334,4599,0.2705285628339047,1.2444444444444445,3148.662199616106,1586.9196875260798,Bumblebee,Bombus pascuorum
187,4,255,111.39196072873855,105.0,57.96449439806421,3,245,89.17843702269042,80.0,53.69217130970048,0,255,82.04838443006282,72.0,52.4259300856933,0.0105845,254028,2975,0.3606762228001779,0.567741935483871,3015.244630513172,2836.8101705323825,Bee,Anthidium
188,22,255,215.195609196402,235.0,45.71260326772408,26,255,213.3180996600244,233.0,43.73345308823929,33,255,218.4906922055375,238.0,49.949859615075816,0.037367875,896829,7290,0.2120627800960596,1.13125,2900.1028713389064,2332.061544619989,Butterfly,Pieris rapae
189,30,255,180.75156881466984,195.0,39.11418101079413,31,255,178.97653173263882,193.0,37.44348798685312,27,255,185.1513957476464,195.0,42.98265802530537,0.0395800416666666,949921,6900,0.2507258840655361,1.884057971014493,3519.3250543992604,2184.5460706732456,Butterfly,Pieris rapae
190,0,255,79.78968796906426,82.0,61.01365562411755,0,255,68.84716827164183,66.0,53.789754225613024,0,255,71.69117726719124,68.0,57.21532692847228,0.023845125,572283,2801,0.9166308959999552,0.8209876543209876,2782.50772607259,1906.9361819239784,Bumblebee,Bombus hortorum
191,5,255,79.30273485210557,75.0,45.50559584810389,5,255,72.77605721062787,71.0,44.16331125391191,1,255,54.56003752677323,48.0,35.30209793147851,0.011769375,282465,4166,0.2045200900266703,0.9731543624161074,2414.546110137539,1944.4222930274548,Bee,Megachile centuncularis
192,0,255,187.3901869039007,215.0,59.43228216609491,2,255,186.9237672705258,212.0,59.43778937148673,0,255,175.94637222760923,192.0,60.31601477920724,0.0324855,779652,6582,0.2261491216993672,0.8112449799196787,3278.0069415585417,1292.6561209360073,Butterfly,Polyommatus icarus
193,10,255,191.34150183686708,216.0,56.15907398083645,8,255,190.0207799635516,213.0,57.16336629235379,5,255,181.39798587301252,195.0,57.53008189038813,0.041817125,1003611,6985,0.2584892317804445,0.8205596107055961,3229.8331754036176,2009.4844705767475,Butterfly,Polyommatus icarus
194,3,255,143.8417534775615,133.0,62.00546944355667,1,255,110.47514962414564,94.0,58.787798411555855,0,255,110.4971193507682,97.0,59.54458732030131,0.022354625,536511,5951,0.1903744204138466,0.9859154929577464,2836.9562916696955,2041.591452924544,Bee,Anthidium manicatum
195,0,255,104.50544736127898,91.0,55.26018241159228,0,255,77.85279228890316,61.0,54.03290208585421,0,255,70.50005141405508,55.0,50.47127486495162,0.024717625,593223,5040,0.2934720677027848,0.9028871391076116,3076.635991861408,1877.772451506432,Bee,Anthidium manicatum
196,3,248,90.89539815136736,93.0,53.04125113839813,0,230,55.406790013249264,47.0,40.96563613586504,0,249,80.84584809389125,77.0,49.57126277999073,0.02660525,638526,4873,0.3379057851029499,1.00531914893617,3242.4539157371823,1909.504911311364,Bee,Anthidium manicatum
197,0,255,70.34554674400529,57.0,54.46343496661292,0,255,47.20726324344135,31.0,42.63557245697926,0,255,57.57057060247279,41.0,50.80194246102847,0.023532875,564789,5583,0.2276988504165358,1.0492285084496693,2794.589598947572,2281.596178395825,Bee,Anthidium manicatum
198,0,255,63.246987866341776,53.0,50.86940109117089,0,255,40.83867838534739,27.0,38.728491175495286,0,255,50.635617837648034,34.0,47.04314940589663,0.02349525,563886,5199,0.2621570499781301,1.0210526315789474,2670.63639104358,2041.0698953334536,Bee,Anthidium manicatum
199,0,255,73.69627776218478,65.0,52.85636190448513,0,255,60.292046888513134,50.0,47.79555683165989,0,255,49.69278645280685,33.0,47.41897314179945,0.03651925,876462,6812,0.237352427044915,0.907103825136612,2859.007512019916,1886.6545771522328,Bee,Anthidium manicatum
200,4,255,140.88776593479687,141.0,83.31519714222995,0,230,74.5688541512185,59.0,50.70532370574052,0,255,91.1410928270104,89.0,51.53502893457467,0.0283767083333333,681041,4461,0.4300497263146772,0.7172131147540983,3004.447777740253,2720.9670871504063,Bumblebee,Bombus pascuorum
201,0,255,63.1891360732394,40.0,64.62949629182586,0,207,36.07968563572105,19.0,37.04047813066654,0,234,42.03497682518364,26.0,43.64114252310106,0.020289625,486951,5240,0.222860218556268,1.0819672131147542,2470.7064961361616,2195.2354877595485,Bumblebee,Bombus lapidarius
202,0,236,81.03563976362275,97.0,54.42810172443836,0,197,61.55434196424305,66.0,41.67281630782507,0,206,58.71298868857048,59.0,40.74911421301754,0.03662225,878934,6387,0.2707523884237923,0.8801652892561983,532.0358957555402,3229.9915807102693,Bumblebee,Bombus lapidarius
203,4,255,116.18697323373888,117.0,52.12791120254571,2,255,105.4775716275338,103.0,55.33725761934386,0,255,81.30301047238946,78.0,47.65913661763992,0.0690187916666666,1656451,9027,0.2554474504740927,1.4456521739130437,2634.365260427263,1725.8142655593192,Hover fly,Eristalis
204,0,230,50.54562121343595,27.0,51.38129345712074,0,208,44.90806673029986,21.0,49.41981511081494,0,255,47.06847353771602,25.0,49.71733150876019,0.03745425,898902,5794,0.3364846282599762,0.8509520682862771,2928.024638948406,1889.2271059581576,Bumblebee,Bombus hortorum
205,0,225,61.39199133810695,47.0,49.52138228095746,0,201,57.78973972447045,39.0,49.44539632619843,0,226,50.09537653512314,34.0,45.7237634299383,0.034826875,835845,5822,0.3098783327740471,0.9069767441860463,2761.90071005988,1594.110003649002,Bumblebee,Bombus hortorum
206,15,255,139.82972061053698,138.0,54.88564030024654,0,255,112.52731942969788,107.0,48.21922402088206,0,255,105.3281665198968,99.0,54.17174967900742,0.0216230416666666,518953,5021,0.2586767811570987,0.7793427230046949,3149.4448456796667,2309.69945833245,Bee,Apis mellifera
207,13,255,187.2324104860513,201.0,55.81017698319744,11,255,170.20538518442467,184.0,53.60535328510341,10,255,152.6855211303201,166.0,48.713515733467695,0.0633095,1519428,9209,0.2251464187856975,0.9749303621169916,2478.429084497587,2297.7221855856283,Butterfly,Macroglossum stellatarum
208,19,255,154.78137530442055,158.0,45.545000786744296,17,255,135.69457854665322,132.0,49.59630297516832,13,255,126.91816160734054,127.0,54.5889174672709,0.0271006666666666,650416,7222,0.1567061756802265,1.00398406374502,3271.890693033382,2111.948357666478,Butterfly,Macroglossum stellatarum
209,0,255,64.54610141850519,47.0,54.560804418254605,0,255,56.38186944213668,36.0,50.02751342522865,0,255,42.26043109018739,25.0,42.45119908813466,0.010833,259992,2893,0.3903668961677843,1.225146198830409,3069.7166489738147,1593.1548701498507,Bumblebee,Bombus hortorum
210,0,255,57.092521781465216,38.0,51.85157245194903,0,255,47.9957975380267,29.0,45.87597747503047,0,255,37.495288712180376,19.0,46.786175311957855,0.012324125,295779,3380,0.3253447475527194,1.2050264550264551,3167.234800306986,1976.213118578398,Bumblebee,Bombus hortorum
211,0,255,72.60908573625528,52.0,59.91080260436272,0,255,72.53419761630143,55.0,58.760370983120765,0,255,76.91844982698962,62.0,60.87832072223988,0.013546875,325125,4549,0.1974369145985984,1.0440613026819925,3214.821696270665,1550.884336793541,Bee,Thyreus
212,2,255,72.45839761993112,66.0,49.4612311793315,3,255,80.8242095189735,74.0,54.57306027050572,0,255,64.79707569217949,47.0,54.522747968784735,0.006400375,153609,2026,0.4702703998309234,0.9655172413793104,2746.4772637019964,2641.298621825544,Bee,Thyreus
213,4,255,117.5688062732433,113.0,52.044538007603535,2,255,101.40415198669017,107.0,50.80077160448332,0,255,74.78958394499902,67.0,46.894236972789656,0.013624,326976,3308,0.375486855908741,0.852112676056338,2978.54175841652,1890.776405607751,Bee,Apis mellifera
214,0,255,64.95735896066915,60.0,51.62448760816572,0,255,56.20595598267782,43.0,48.01866448264922,0,255,46.81347214806905,31.0,47.15272456699813,0.03511875,842850,5040,0.4169645011459301,1.100502512562814,3096.167898202528,2415.0396915228093,Bumblebee,Bombus hortorum
215,3,247,69.99023670862782,51.0,57.36548644777741,2,255,58.93270145373776,43.0,47.97927667830672,0,255,45.41641591051051,31.0,41.08701352174409,0.016076375,385833,3395,0.4206585074425776,1.014388489208633,2668.2484028063955,2054.1247379047413,Bumblebee,Bombus hortorum
216,0,255,115.65409906971796,119.0,67.8750974696064,0,255,94.63771851913532,94.0,62.41748579396052,0,255,84.80132395187144,72.0,62.910206918717954,0.0360285,864684,5569,0.3503586555756022,1.2475728155339805,2735.6723485111324,2677.520587867938,Bumblebee,Bombus hortorum
217,3,255,114.63219754577844,115.0,54.78655240608329,0,255,97.7083697367806,104.0,54.35260320048081,0,255,75.56213933621684,63.0,53.274533811724304,0.02317775,556266,4755,0.3091657225573182,0.8235294117647058,3275.9156141126728,2115.4732663869445,Bee,Apis mellifera
218,2,255,141.6508815048478,146.0,64.15728432171079,1,255,118.03080697634914,116.0,63.14326813498946,0,255,98.94900195029857,93.0,61.66344180726921,0.019377375,465057,4406,0.301041981645496,1.0451977401129944,2963.5350892471247,1941.9356573495293,Bumblebee,Bombus pascuorum
219,0,255,89.95101642676524,80.0,63.1264385494182,0,255,74.29211327315349,62.0,57.89339780563883,0,255,65.73175591835172,48.0,58.04186816984746,0.04788425,1149222,5588,0.4624885661706075,1.055793991416309,3270.7950604843973,2130.35997048438,Bumblebee,Bombus hortorum
220,0,255,86.24564390376857,73.0,69.15306055618244,0,255,76.08669197725885,58.0,65.6711917182429,0,255,64.87893814516099,43.0,64.15181447547008,0.0434161666666666,1041988,4941,0.5363433171905934,1.4395604395604396,2873.2268711347924,2664.9122533080995,Bumblebee,Bombus hortorum
221,0,255,94.697864259723,81.0,65.11812060350474,0,255,80.73899623346661,64.0,60.950526298198994,0,255,69.59042007836209,48.0,62.48456431326421,0.038485875,923661,5485,0.3858062038102008,0.8809523809523809,2967.398663578954,2423.23000646341,Bumblebee,Bombus hortorum
222,2,255,111.52193457831376,106.0,68.45712673465599,0,255,95.65791692101972,87.0,64.46151115597758,0,255,84.60774707545878,65.0,68.33706146630144,0.0401345,963228,6634,0.2750350405741193,0.8086642599277978,3067.6056769529123,2393.984454355563,Bumblebee,Bombus hortorum
223,18,255,143.70944972397157,139.0,59.170251111348094,14,255,136.4037462157393,131.0,57.78313120588826,0,255,125.03914045340974,125.0,58.55502521809424,0.007721125,185307,1634,0.8721628519070478,1.2337662337662338,2621.73701479167,2172.993923597058,Bee,Trachusa byssina 
224,11,255,136.7709760908902,136.0,47.929159340927846,12,254,127.46873238705469,123.0,43.61530415652769,0,255,106.50590867965946,104.0,47.02808477293632,0.022474,539376,4894,0.2829916049630075,1.3780385582564962,2774.7402350123107,1705.9985520304945,Butterfly,Macroglossum stellatarum
225,15,240,106.04824683682082,106.0,35.34583617453668,8,236,87.06307517411966,86.0,39.81264192075397,0,246,74.34414141915641,69.0,42.34972837986179,0.032730125,785523,6585,0.2276445257156657,1.4027777777777777,4122.410964414791,2532.66915163528,Butterfly,Macroglossum stellatarum
226,1,255,86.69796529319845,80.0,62.36405649121738,0,255,83.51525947857554,72.0,64.12619146271014,0,255,68.93429393864626,53.0,59.70833015612799,0.02533125,607950,4845,0.3254544124834324,0.759090909090909,3469.2339419360146,1903.9663344025005,Bumblebee,Bombus hortorum
227,3,255,85.493191497842,72.0,60.75422095534657,0,253,71.5519712343275,54.0,58.1498839256037,0,255,67.54166951362555,55.0,55.42551823428311,0.029271,702504,5241,0.3213885098877698,1.2849462365591398,2780.5288567751927,1717.7974474166697,Bumblebee,Bombus hortorum
228,2,255,91.38113784326517,97.0,66.08754629695328,1,255,77.06552575368046,72.0,61.51954521068559,0,255,79.05438842203549,66.0,71.49688533047811,0.0130305,312732,2773,0.5110724226366351,1.2258064516129032,3255.749072688436,1800.276971976005,Bumblebee,Bombus hortorum
229,0,255,100.58214917030786,97.0,43.770448303829205,0,250,80.20718807185271,83.0,38.25326483661868,0,236,54.82701261032478,51.0,31.026762874813027,0.026777,642648,5096,0.3109740757123197,0.8874281018898932,2811.21542430693,2036.5883018386423,Bee,Apis mellifera
230,2,234,83.8001314000977,76.0,56.36727695892045,1,223,73.2385036618804,63.0,52.23670586791476,0,255,77.43605637407516,58.0,61.88331792029773,0.026699625,640791,4848,0.3426107969544109,1.8053613053613051,3298.364524470537,1881.9280763930828,Bumblebee,Bombus hortorum
231,14,255,148.1031118003747,154.0,48.96924572875449,7,242,124.11433614764796,126.0,46.144169182798585,8,255,121.5345809111444,113.0,58.618048341468665,0.0173024166666666,415258,2899,0.6209139843955841,0.8493975903614458,2821.626632117864,1833.2507525442013,Bee,Apis mellifera
232,17,255,149.51025336641584,157.0,45.59258729260682,10,255,128.509045889228,138.0,45.699162713776026,4,255,115.63683977236252,119.0,43.149168252282095,0.0081782083333333,196277,2071,0.5750678356930663,0.7160883280757098,3027.8888764348344,1990.121491565492,Bee,Apis mellifera
233,4,250,102.01143822331832,116.0,46.67989088401064,3,235,93.91405276611049,107.0,44.53282129651716,2,233,83.52421871989519,86.0,37.24256695383008,0.0129755,311412,3306,0.3580465631019403,0.7249757045675413,4261.43280605757,1957.4879869754536,Bee,Trachusa byssina 
234,7,255,121.85413279655934,123.0,55.30810218421019,8,249,112.36626785882392,120.0,46.374749547695885,4,255,93.6615647751589,92.0,40.507788826028985,0.0393917083333333,945401,7473,0.2127335350064756,1.1260454002389486,3769.783144930035,1608.1587601451658,Butterfly,Macroglossum stellatarum
235,2,255,83.38800893434166,82.0,53.315627175057486,0,255,80.8505595301534,75.0,54.2113083091733,1,255,71.85426705518204,54.0,58.630371507111136,0.0073499166666666,176398,2872,0.2687414460370713,1.400943396226415,3204.7164366942934,1662.827106883298,Bee,Thyreus
236,3,255,56.33528961919799,24.0,63.37191271586538,0,255,34.13407754031444,18.0,42.00082335611194,0,255,26.87939529390849,14.0,43.280928860738086,0.1181235,2834964,7214,0.6845499394824747,1.216043307086614,2530.10201752121,1909.7091123555715,Butterfly,Aglais urticae
237,0,255,115.06090362074532,105.0,78.50006726118077,0,255,89.37359673970295,71.0,68.06048580777971,0,255,72.43051419098175,47.0,64.3949163126942,0.0686645,1647948,8084,0.3168843258047552,0.4894905593159957,3018.954042239197,1860.7563855170188,Butterfly,Aglais urticae
238,0,255,79.10444745225261,61.0,62.966194156943104,0,255,66.19780273607947,49.0,57.87441943081866,0,255,59.50999426839884,42.0,57.033633892618646,0.0740049166666666,1776118,11644,0.1646179867828654,0.7445790816326531,3443.221703175127,1371.4170528084285,Butterfly,Aglais urticae
239,2,226,92.2892798248841,98.0,51.089708861839085,0,218,72.56458039353491,72.0,46.22140892323688,0,233,59.03594012236882,53.0,42.259300490824806,0.022765875,546381,6335,0.171085110348167,0.6253521126760564,2885.8406130520643,1662.2969539570372,Wasp,Vespula germanica
240,3,236,93.43841679177449,84.0,55.59098623368496,1,231,75.83548412284344,64.0,53.8798578830738,0,245,59.99773386286765,50.0,46.70103176455515,0.02347975,563514,5549,0.2299773813597405,0.8957198443579767,2904.188062763303,1431.8246361226163,Wasp,Vespula germanica
241,3,220,94.15029414052424,99.0,50.09626591515685,2,210,73.5110144061309,66.0,45.7667631402929,0,214,54.52758411763983,45.0,38.62381953425668,0.0203559166666666,488542,7555,0.1075580283774567,1.1839402427637722,3122.167207732396,1914.5834749110616,Wasp,Vespula germanica
242,2,228,86.80148716023731,87.0,55.00009038581825,0,221,67.48573662560413,54.0,50.84452357549433,0,216,45.58439727800457,35.0,38.467564629015534,0.0267512083333333,642029,7142,0.1581702560234245,1.0201342281879195,3238.357057079976,1905.4543938046413,Wasp,Vespula germanica
243,2,253,88.77204061737022,92.0,53.07329191814082,0,242,70.71446885972858,69.0,46.6177875457435,2,255,81.32869701753931,80.0,51.08373586854861,0.024148125,579555,4375,0.3804945199752425,0.676056338028169,3203.2477556055937,1661.504859763094,Bee,Anthidium manicatum
244,13,228,113.5008258936035,110.0,52.71514163953957,9,218,88.21972113552012,71.0,54.18640260792369,2,202,63.12108202093155,39.0,53.01093823543645,0.006230625,149535,2534,0.2926439148675523,1.0774410774410774,2956.981796903735,2439.3914334436754,Bee,Apis mellifera
245,2,255,75.54136467739264,72.0,37.890965008328806,2,255,62.23474347331928,56.0,37.47317025613911,0,248,43.95999748699233,40.0,27.608286588934888,0.007295375,175089,4315,0.1181699702590388,1.344984802431611,2299.540730714094,3122.261261415623,Bee,Apis mellifera
246,7,214,98.70078530192126,98.0,46.799467155566,7,208,75.14430089463089,70.0,43.46632570423634,0,204,55.65772702425237,47.0,38.47385902589239,0.00625025,150006,2361,0.3381633369112006,0.8309178743961353,3122.461221551138,2161.824340359719,Bee,Apis mellifera
247,7,255,89.27736596780193,82.0,52.39772591626998,2,255,65.28778763489461,52.0,46.71005984051188,0,255,56.7122331460966,46.0,39.2679592748331,0.020050375,481209,4600,0.2857774403101278,0.782051282051282,3038.643123881723,1836.0721744605771,Bee,Apis mellifera
248,5,252,79.89334044318048,60.0,54.35553020103461,4,239,60.23562033416282,37.0,52.16396028410166,0,233,57.19134376110914,31.0,51.857601448776194,0.0070325,168780,2976,0.2394776527959728,1.2871794871794873,2825.669001066477,1661.6798198838726,Bee,Apis mellifera
249,6,255,140.45174934325593,141.0,57.82855726518165,3,255,111.76824076203218,119.0,52.95813713739536,3,255,103.18029976796204,102.0,53.47460114681416,0.01195925,287022,2930,0.4201359161400129,0.9545454545454546,2647.69633338211,1717.5936722620563,Bee,Apis mellifera
250,0,255,127.06082382310984,125.0,62.59178457761771,0,255,101.6260057061341,96.0,60.36123553431987,0,255,77.42946683309557,63.0,59.83946465389906,0.0233666666666666,560800,4430,0.3590958751651745,0.7647058823529411,2481.6419721825964,1641.7268473609129,Bee,Apis mellifera
