ID,R_min,R_max,R_mean,R_median,R_std,G_min,G_max,G_mean,G_median,G_std,B_min,B_max,B_mean,B_median,B_std,pixel_ratio,area,perimeter,circularity_laplacian,bounding_box_ratio,center_mass_x,center_mass_y
1,5,208,68.08574489687165,56.0,47.955398851745045,3,199,54.88274724719952,37.0,45.31119677847598,0,193,39.89196905869088,24.0,36.25074695745675,0.007428041666666667,178273,8998,0.02766963684915306,1.2238805970149254,3035.2449108950877,2222.120394002457
2,2,248,63.786497914961615,55.0,42.153507582366785,2,251,52.07965041505904,34.0,42.86612366914757,0,244,35.735146537277366,19.0,34.61711714803009,0.008553,205272,9494,0.02861812148861805,1.5142857142857142,3032.6746073502477,1698.0483602244826
3,3,255,107.17633313530793,114.0,58.77135873718156,0,255,87.79470989278339,86.0,60.05760424323768,0,255,63.38304336756344,52.0,54.823595689308156,0.022093125,530235,11818,0.04770789823452459,1.0606060606060606,2714.310952690788,1137.9484775618357
4,5,219,87.58824254258334,88.0,46.32258744701816,3,213,71.03185180270272,61.0,46.08575993578402,0,201,50.43253490554413,36.0,37.445620697219006,0.013187375,316497,12385,0.025929099840177272,1.3085106382978724,3486.890675109085,2223.2139514750534
5,6,255,123.1770030597724,134.0,62.355944159380286,0,250,100.89796363735559,91.0,63.029354606891445,0,245,80.94616982873458,63.0,60.62496157686189,0.009164625,219951,7870,0.044625833436908666,1.2,2867.2836449936576,2195.1991943660178
6,7,201,100.47562040505902,109.0,49.63504030114972,4,199,84.3832779358328,78.0,51.36793580317763,0,204,68.36625024647194,55.0,48.982371333055475,0.005916833333333333,142004,5565,0.057620908909437794,1.6071428571428572,2677.148312723585,1904.461346159263
7,11,238,91.57896325749209,87.0,41.37874968559628,9,234,72.75433325970106,70.0,36.76008197680118,4,223,50.997989838745305,42.0,34.73129526181651,0.00565875,135810,5916,0.04876242356752798,0.6585365853658537,3599.1718577424344,2233.6781312127237
8,4,168,55.60429406701025,47.0,35.66732309580311,4,171,43.240164786638196,31.0,35.56519093882558,3,183,36.929926550324765,24.0,37.34231347870392,0.007454083333333333,178898,7187,0.04352312391117715,1.146067415730337,2059.957109637894,2031.9852765262888
9,6,255,87.62007338557522,93.0,52.732799317952306,3,255,71.39061613788154,64.0,51.894715129430246,0,254,68.25091731969026,57.0,54.63180011861349,0.0071994166666666665,172786,7568,0.03791020807002216,1.0384615384615385,3141.3569907284154,1840.9974882224253
10,4,255,82.97670029012441,80.0,52.421580903076965,0,255,63.63256362805997,48.0,48.94095558910766,0,255,60.44038193995296,45.0,50.82663964478578,0.015783458333333333,378803,8591,0.06449645368643,1.1341772151898735,2779.835275855788,2107.9782182295285
11,12,255,120.44338849796112,124.0,45.803679936673696,2,246,89.04904292325656,90.0,42.44465622019857,0,255,82.30172524469496,80.0,46.70092122044808,0.013630916666666666,327142,7644,0.07035659478124638,0.9183673469387755,2787.381620213852,2225.231361304877
12,10,235,109.42017544264854,108.0,44.65068681391251,0,195,75.59593451619311,72.0,37.5926957726924,0,255,82.70238727648155,73.0,51.19626268048209,0.018040083333333335,432962,8316,0.07867390078915933,1.055045871559633,3183.4857654944312,1889.3106554385836
13,5,255,104.91751429738562,100.0,47.95069201817908,3,255,78.35397263071896,71.0,42.87685784035862,0,255,52.593098958333336,43.0,39.571520268579995,0.01632,391680,11107,0.03989768676829281,2.0675675675675675,2625.3422691993464,1953.7917534722221
14,10,255,137.159940129971,136.0,52.058052457106484,0,245,107.28282525908945,103.0,48.880828105754325,0,255,99.5560296318751,91.0,51.476520825639454,0.010996041666666666,263905,6268,0.08441108973053875,1.2217261904761905,2850.837945472803,2072.786320835149
15,9,255,123.58951432688693,125.0,51.207615915481725,0,254,94.87885844367403,98.0,45.32117091181814,0,255,80.78055688985422,82.0,41.5175954718133,0.015960666666666668,383056,16166,0.018419039718785557,1.098360655737705,2665.4798776158054,1910.811907397352
16,13,255,107.12669792072114,100.0,46.72087409835131,0,255,87.01905489127606,84.0,40.77949541829756,0,255,66.91029623587804,62.0,34.57744720677461,0.016806708333333333,403361,10807,0.043400373407926275,1.373913043478261,1897.0505998348874,2888.4394872087287
17,3,255,122.81285070422535,117.0,48.48137159819738,0,255,106.66628169014085,110.0,47.31637552320597,0,255,74.72309014084507,66.0,44.37497448299574,0.014791666666666667,355000,8946,0.055741728210344975,1.0403225806451613,2895.2516985915495,1937.4873126760563
18,17,255,137.03837207539158,133.0,49.88789876042468,0,255,112.89966185992206,110.0,47.94826171025425,0,255,96.12440825486361,88.0,48.8387449664923,0.013739375,329745,9172,0.04925609643591149,1.0240615976900866,2890.4373894979453,1860.966986610866
19,7,255,107.66460156431503,106.0,37.61886929525813,0,255,88.38125717595008,96.0,38.37863581415881,0,255,65.91770679362557,63.0,33.291459253623856,0.012374958333333333,296999,9854,0.03843613722077335,1.4634146341463414,3001.3251054717357,1919.1869130872494
20,8,255,91.69727136974524,88.0,55.17673290675578,0,255,68.29882627742259,61.0,47.40641279552245,0,255,60.56009644909595,49.0,45.91920867051525,0.019336625,464079,7093,0.11591559290638512,1.0,2817.8887064486867,1609.6692093372033
21,14,235,123.07637429846956,119.0,41.17356949408899,3,207,101.78055374482861,104.0,37.92597211324834,0,255,100.20733097693552,97.0,45.57098349712698,0.016043791666666668,385051,15767,0.01946390536673975,1.7157894736842105,2883.3258217742587,2016.365543785109
22,9,255,146.08903179879465,162.0,68.4192435397954,0,255,105.82878964291963,111.0,59.33762373156722,0,255,103.90161437250016,99.0,66.66994484915942,0.013813416666666667,331522,11680,0.030537714618810954,1.288659793814433,3270.278494338234,1746.1208728229196
23,4,255,116.20372155181407,119.0,46.68012376230329,0,255,98.59271587335496,103.0,47.23387425382765,0,255,81.48323538032759,77.0,45.552661355767974,0.016773916666666666,402574,12385,0.03298098066983107,1.4313725490196079,2357.4799217038358,1638.790033633568
24,0,255,77.35826999805597,75.0,44.1364841919306,0,255,51.63431491441637,44.0,34.653588575308454,0,255,50.16551104857299,38.0,39.572557564809976,0.022504791666666666,540115,10734,0.05890781588002925,0.8345323741007195,2787.7500458235745,2295.333786323283
25,4,255,98.57262615448822,103.0,49.209520443925015,0,255,88.2312278855401,93.0,49.10744914858367,0,255,82.66385658035601,87.0,47.791230136855766,0.011481458333333333,275555,11327,0.02698909728579964,1.7011494252873562,2997.2254831158934,1337.4932663170691
26,3,255,102.49157191961925,110.0,66.54924628065606,2,255,84.50395344343652,87.0,56.551863801877325,0,255,89.83608082821462,86.0,64.94403726542984,0.016388666666666666,393328,11423,0.03787951190136515,1.4848484848484849,2890.384261989993,1071.976101370866
27,9,255,108.01700955058045,108.0,44.818181233127966,0,255,73.94240878254999,69.0,41.26398317986871,0,255,60.03176149002335,52.0,40.269370113633066,0.0037650416666666665,90361,5467,0.03799205145179169,0.7321428571428571,3281.1702615066233,1864.806941047576
28,9,255,152.47568916506907,170.0,59.95392429036446,4,255,129.38861527952227,141.0,59.317604735833484,0,255,111.49968599193495,111.0,61.911638080460975,0.0075635,181524,8477,0.031743846517566475,0.8707482993197279,2889.6118915405127,2254.2500220356537
29,0,255,95.33711980569785,93.0,57.236789498780425,0,255,78.6028475314415,72.0,54.29438669731922,0,255,68.72074091651429,58.0,50.89894394597426,0.014925208333333334,358205,10577,0.04023615745249796,1.348529411764706,3222.525129464971,1788.3811755838137
30,21,255,138.3798908363689,132.0,49.31233198542175,0,255,99.06911752008607,100.0,44.21555971264026,0,255,77.28227596136568,69.0,48.507611069783465,0.017855458333333334,428531,8620,0.07247322319729688,0.9230769230769231,2582.4748641288493,2296.8975079982547
31,8,255,130.80313615044133,139.0,50.07429689633281,0,255,110.84205566006946,120.0,49.40002021304206,0,255,93.56194740567162,95.0,47.63672063629761,0.011362125,272691,2881,0.41285177109167986,0.9448818897637795,3063.6660579190366,2113.714181986204
32,2,255,91.086939258258,81.0,68.51819481173814,0,255,76.283416406184,61.0,60.8616971237911,0,255,74.69413280391991,58.0,58.45082250831513,0.009864166666666667,236740,3530,0.23874379693609632,1.2147239263803682,3107.0118442172848,1665.4682351947283
33,6,255,84.73465071369456,77.0,55.267635366736165,2,255,70.85525845245272,63.0,50.385320929257716,0,255,55.49679680395623,42.0,44.80968301857826,0.008155916666666667,195742,3625,0.18718793944686962,0.9845360824742269,3569.241797876797,1959.689223569801
34,7,255,79.30026208382539,70.0,51.360768548920966,5,255,65.87739034951416,51.0,48.33149801074313,0,255,44.335845401620155,32.0,36.9909169742142,0.0080445,193068,3715,0.17579338368669004,1.1411042944785277,3047.5426896223094,1863.204736155137
35,5,192,71.2880612857077,57.0,48.883767544162055,5,188,57.11564139246543,37.0,49.54143218502322,0,182,48.083975571861494,28.0,47.2021851276119,0.00541725,130014,2200,0.33756283244874336,0.625,2740.5833910194287,2097.175634931623
36,9,255,111.74829497391795,118.0,50.74702261561796,7,255,88.43912572254335,97.0,46.2221421554381,5,238,63.46918616946285,65.0,35.499562430911034,0.009457333333333333,226976,3703,0.20800912067214752,0.8608247422680413,2720.403311363316,1739.586141266037
37,11,255,142.60352556432957,151.0,63.649250228512784,8,255,117.72198691872059,128.0,62.295756441217904,0,255,91.58747307968413,88.0,53.26071983320733,0.0104475,250740,3831,0.21468869770256616,0.9851851851851852,3303.0651990109277,1673.7398859376246
38,0,255,111.84182872371075,109.0,47.0269654511382,0,255,92.67999135695764,91.0,45.57876729106329,0,255,73.69265701526938,65.0,44.09892690014207,0.01157,277680,3280,0.32434467878048884,0.889763779527559,2301.729101843849,2796.7136235955054
39,4,255,92.50466791948467,87.0,50.42578035190769,0,255,68.2136465043363,65.0,44.58816868058127,0,255,53.35651800339668,45.0,41.98480314162374,0.016584833333333333,398036,4534,0.24331516936752512,0.8448275862068966,3169.291953491644,2363.566662311952
40,8,210,85.4321798033047,90.0,39.00912966809165,5,191,71.09253181418813,72.0,34.21862788442583,0,152,56.04179066405918,52.0,29.16526743057317,0.01470125,352830,4942,0.1815389781629808,0.9012345679012346,3185.594977751325,2306.67115041238
41,8,255,107.5233061753377,101.0,55.845213272471106,5,255,97.90795125761045,89.0,55.901935027795396,0,255,77.16804675435327,62.0,52.38133532489914,0.0093895,225348,2983,0.31824168502522543,0.4491525423728814,2890.843779398974,1947.38143671122
42,3,255,108.27123514192391,102.0,46.35064452495272,0,255,92.4546783487848,91.0,45.368179585141895,0,255,76.25330327922966,68.0,42.863069925177264,0.013253875,318093,4231,0.22329444827301786,1.027027027027027,2646.0269072252454,2131.8254975746086
43,11,255,119.0475448654038,122.0,47.99796880583717,0,255,85.42250403960533,84.0,44.95245864802464,0,255,76.48012857977791,79.0,42.7223091356597,0.019391333333333333,465392,4947,0.23897086570468695,0.8012422360248447,3330.6757486162205,2194.1604153058065
44,9,255,127.00183867456124,127.0,48.30789912343073,0,255,103.29353742399702,106.0,45.1959315936269,0,255,88.42585561426334,85.0,45.46596517587922,0.012554333333333334,301304,3483,0.31211009247127447,0.8389830508474576,3187.6207285664977,2130.733637787749
45,9,235,89.05096857116627,79.0,46.040288134023065,6,217,74.80014689230957,68.0,42.82184800071397,0,250,47.33235609144046,32.0,42.04209301943399,0.013615416666666666,326770,4195,0.23333941880704304,0.9702970297029703,3079.6751476573736,1994.453376992992
46,5,255,98.75631484772913,98.0,45.116983404329694,0,243,84.42244744012564,84.0,42.30267497143755,0,241,68.4666369442725,60.0,44.161856556184176,0.020934458333333333,502427,4679,0.2883877067903793,0.9551282051282052,2789.11421559749,1724.2014780256634
47,3,255,94.8547272202047,87.0,59.198221012850674,0,243,82.9542581435017,78.0,52.42729801160636,0,255,109.70195746671068,97.0,66.94287514806337,0.012116,290784,3715,0.2647663169554275,1.007936507936508,3323.0937878287664,2064.5031844943323
48,6,255,109.06776568767377,111.0,62.73058274468275,4,237,89.05055583925835,87.0,54.26655384488815,4,255,110.66532671651106,101.0,66.23459967379456,0.009546375,229113,3047,0.3101092263826215,0.696969696969697,3113.5139429015376,2023.9430150187898
49,32,255,181.83911814399312,189.0,38.70784946363298,14,255,184.90425576725966,192.0,37.773434693499425,17,255,159.38617355368032,155.0,44.09615550758479,0.01780525,427326,2736,0.7173597337033824,0.8561643835616438,2863.260264996747,2177.886725825248
50,10,255,122.11744739626191,121.0,54.72590692677946,4,250,95.00974827453022,88.0,53.278151485722134,4,255,104.86522653612991,102.0,56.3744061622761,0.019849666666666668,476392,5086,0.23143104275797538,0.8493150684931506,2803.9724008799476,2302.9514097633883
51,5,247,129.2709602789892,135.0,52.81239303662712,2,248,108.5601475482077,108.0,50.47306293529595,2,255,131.83512703429622,134.0,58.2764068959622,0.021936333333333332,526472,4482,0.3293376923868616,1.38135593220339,3125.997105259159,1520.1725143977267
52,7,245,109.41142564077415,110.0,47.05223512411098,0,240,97.11783828625605,98.0,47.8768050166617,6,255,105.92190564927422,102.0,51.5217163980035,0.020392,489408,4120,0.36231515161824107,0.937984496124031,2943.5635706813127,1614.9186363933568
53,19,255,124.50289953991607,118.0,48.61106263466452,0,234,105.12211436371909,102.0,46.842134271510666,1,241,105.59176146417919,98.0,46.93231968967758,0.0164825,395580,3436,0.42105407982655657,0.7704918032786885,2652.7513423327773,2413.306203549219
54,7,234,111.74148166995315,104.0,55.12735174473065,0,240,99.25816494568483,91.0,55.87585840050301,0,238,84.50671783672229,70.0,53.71306247538559,0.01179075,282978,3956,0.22722178695860848,1.0092592592592593,3274.4435963219757,1353.196990578773
55,4,220,71.99095195024037,67.0,40.42840314215665,0,191,47.837197056053924,38.0,38.23780394746878,0,170,33.5946963126332,22.0,31.981206024457013,0.013451333333333333,322832,3920,0.2640063097519367,0.9285714285714286,3074.1406923725035,2400.082086038559
56,0,255,92.5645533253855,80.0,54.07594998993741,0,255,76.86732659722087,67.0,50.86139309163242,0,255,59.92730177653566,47.0,43.963559584285626,0.008527833333333333,204668,2634,0.37070485037609874,1.3472222222222223,2988.3611702855355,2255.087869134403
57,0,255,94.59632293741261,83.0,54.8550832070038,0,255,79.68334463324717,69.0,52.26630391162066,0,255,62.76728886817238,49.0,45.39312148954312,0.007866333333333333,188792,2647,0.33859892010853054,1.3333333333333333,2821.1126954531974,1992.5155515064198
58,3,255,74.82939508506617,68.0,49.49227729865104,1,255,60.47057527794688,54.0,43.824063296595405,0,255,52.16240668354106,39.0,43.68838297700684,0.010403666666666667,249688,3301,0.2879496042807508,1.1927710843373494,3171.9594533978407,2528.408493800263
59,3,255,84.08003167269611,74.0,57.53349456179204,0,255,68.2764568713769,60.0,51.72035802733615,0,255,62.41357930523471,43.0,54.71550666708135,0.0114715,275316,3811,0.23821188055461323,1.04,3350.3950369756935,2479.8780746487673
60,6,255,107.65947527052766,104.0,54.976860601758226,6,255,85.07537099441154,78.0,51.04521187023133,0,255,68.8714130230027,57.0,46.31843397196173,0.007962833333333334,191108,2996,0.26755009743368074,1.0680272108843538,2849.223308286414,2097.301933984972
61,4,211,75.80724840901736,70.0,49.46692969852889,3,193,52.755802551455666,47.0,34.12138298515471,3,240,69.63907247428442,58.0,46.39927561159466,0.016996833333333333,407924,4915,0.2121983864657356,0.84472049689441,3714.8145929143666,2336.4172051656683
62,3,193,59.279951714910204,49.0,40.58584645452308,0,182,40.5533088999144,33.0,31.240178397912853,0,208,49.027884431590586,42.0,32.39865906228563,0.0200545,481308,5760,0.18230054939640486,0.6764705882352942,2441.2136095805595,1669.9247467318226
63,0,255,73.0190085830942,46.0,65.25463976448916,0,255,57.99138530382131,33.0,58.797617514820814,0,255,59.9767662339304,41.0,54.731540009823576,0.013184833333333333,316436,3060,0.424671285800452,1.4457831325301205,2794.3980836567266,1736.7959144977183
64,1,187,67.26484174399792,69.0,44.36605732289278,0,185,50.05345592355841,41.0,35.2794171479545,0,196,55.19816431269373,49.0,35.77181740908694,0.02632075,631698,5975,0.22235328329258208,1.3795620437956204,2633.491848953139,2293.66958578308
65,2,202,59.47885162858333,51.0,41.52924318853662,0,177,39.97087426694976,31.0,31.198525113432456,0,225,52.611186397864515,43.0,38.92540580006507,0.024412833333333335,585908,5937,0.2088840090025007,0.70625,3373.477829283778,1831.8170429487222
66,0,255,91.45933148573747,93.0,66.04640040410699,0,255,72.9335169663377,66.0,58.18152926965298,0,255,70.81611802081925,57.0,59.954408305061946,0.024656666666666667,591760,6612,0.17009430768672176,1.423264907135875,2687.230444774909,1850.622211707449
67,0,255,110.33575888522968,99.0,59.10087198833934,0,255,89.91863375911366,85.0,54.383227652754954,0,255,88.1391178542194,74.0,55.414982527553725,0.017510333333333333,420248,5088,0.20399584135029974,1.7766990291262137,2671.3046582018237,1764.2638917972245
68,5,255,109.28607334922945,104.0,59.923689298199605,4,255,92.61858091020758,88.0,54.366568721531756,4,255,84.73291683440168,74.0,52.80507302480723,0.0161465,387516,4097,0.29011325699547197,1.0714285714285714,3904.9849915874443,2228.6927197844734
69,0,232,63.17977607310057,52.0,46.06679906450284,1,253,61.18455167616147,56.0,41.134045869262714,0,255,54.62972154849869,48.0,44.47146614823877,0.017729,425496,4214,0.301103832419539,0.8045112781954887,2840.400483200782,2292.1353808261415
70,0,255,50.69719805233796,40.0,37.87117693518929,0,255,48.74256525868751,41.0,34.63127780344889,0,255,44.75581896787013,39.0,37.399605135251626,0.015266166666666667,366388,3844,0.31159059977051906,0.5634920634920635,2950.4872867015297,2384.6624125244275
71,6,255,99.34523492048099,93.0,50.06103383541019,4,255,73.5363047905353,66.0,45.85563568344358,0,255,54.45639182505818,44.0,42.749782532881866,0.006874666666666667,164992,2533,0.323148668979049,1.1285714285714286,3416.4022740496507,1652.891946276183
72,7,255,128.65015824573302,137.0,60.846879786319434,0,255,115.84637730304058,123.0,63.483965013848746,0,255,74.54777325647112,70.0,48.48574799265993,0.0073725,176940,3019,0.2439549647531267,0.3108108108108108,3699.0143099355714,1451.2459364756414
73,5,255,135.72293625581418,142.0,56.91482763043282,0,255,118.43931877554364,125.0,61.89142409699763,0,255,91.79726654590802,87.0,60.60547157580654,0.018310166666666666,439444,4619,0.2588317082891413,0.9758064516129032,3663.2477130191787,1966.651077270369
74,6,255,128.26827255580005,130.0,47.53618934992456,3,255,108.82296005580007,108.0,53.56727055160387,1,255,76.27223406554542,69.0,45.67928054050975,0.016965333333333332,407168,3992,0.32107200311847295,1.1481481481481481,3375.6342345174476,1760.7671526249608
75,12,255,105.55332108164873,90.0,59.65607774506151,6,255,81.65403868031855,67.0,54.494725307105824,2,255,78.60267786820688,65.0,53.323136286219366,0.00476125,114270,2508,0.228290073058166,1.276190476190476,2973.2546425133455,2281.5175986698173
76,5,255,110.83375068520456,111.0,61.554675023247064,0,255,90.53487068321124,96.0,58.38615622612765,0,255,64.45392933672198,60.0,49.203196265409794,0.013378,321072,3156,0.40507767467778966,0.5343511450381679,3201.5142647132107,2150.691626800219
77,0,255,84.87350331362124,74.0,56.43332910992632,0,255,68.95140997069507,57.0,53.60675619955159,0,255,67.02446756862676,52.0,53.4191565666186,0.007123375,170961,3171,0.21365567335475316,1.1682242990654206,3151.10220459637,1700.1125695334024
78,0,255,84.15991308534143,72.0,60.52150962836234,1,255,73.16555909938876,55.0,57.559225680650094,0,255,44.343848058390144,30.0,40.83407674502841,0.019386833333333332,465284,6416,0.14203627428394783,1.2148148148148148,3077.894851316615,1798.8484194599428
79,4,255,85.31110408902556,86.0,60.530344353891365,3,255,65.12718263792969,59.0,48.82967500486502,0,255,44.00724179719059,26.0,44.88349078717169,0.012790333333333334,306968,4871,0.16257984662670882,1.7419871794871795,2440.9483203460945,2045.4045894034557
80,2,255,76.4423939560872,70.0,57.97136115149376,0,255,59.143382256499045,46.0,49.17503235619132,0,255,43.44553854830671,21.0,48.38407487797402,0.012707,304968,4420,0.19616413021426293,1.9565972222222223,2996.774140237664,1867.0641641090212
81,3,255,88.10591630514726,87.0,60.11675446258074,2,255,68.73323331592356,58.0,52.76957913598319,0,255,48.52152594945479,25.0,49.50401447955212,0.015636166666666666,375268,5504,0.1556662796939099,1.9243827160493827,2764.330771608557,1874.2526407793896
82,0,255,112.94482970687385,116.0,56.71495982213772,0,255,96.30270307206811,96.0,53.95494139550035,0,243,75.13899782992223,65.0,50.73854161327515,0.04024433333333333,965864,11751,0.08789743275327763,1.881188118811881,2735.334560559251,1940.844383888415
83,1,255,93.76569486293361,66.0,78.5587675342281,0,242,83.5069122211484,54.0,72.62943819410299,0,234,61.49863658227139,40.0,53.19102758397679,0.18745783333333332,4498988,11191,0.45142635191774666,1.6920415224913494,3196.9260767088067,2370.4136103497053
84,3,255,100.18287096586808,95.0,69.51829678158431,1,243,84.79046579753201,69.0,65.67095152522523,0,255,82.13378505099458,66.0,66.8795716506481,0.015821865720477002,241006,2396,0.5275505635921742,0.8833333333333333,2525.2900508701027,1038.0281071840534
85,4,233,77.69553858140547,75.0,52.77881863652352,0,174,22.564004252124484,13.0,25.33270898989938,0,159,22.72829697367342,13.0,25.43445812575944,0.05283633333333333,1268072,8592,0.21585655441803606,1.3345375722543353,2807.1967396173086,2592.1591896990076
86,2,255,91.79119826222774,86.0,66.16599037677628,1,255,73.792719141089,61.0,58.68186080433406,0,255,61.99315850609336,45.0,55.982204886129935,0.0253965,609516,4886,0.3208396613218776,1.0289855072463767,2875.7201976650326,1289.3835371015691
87,0,255,67.63741073183516,44.0,64.11920735358866,0,255,52.78134868636572,27.0,59.016757562236094,0,255,37.9847687217454,18.0,54.78764322695573,0.025438333333333334,610520,3695,0.5619282604018482,1.8780487804878048,3078.047533250344,2227.85662058573
88,5,249,90.54806037718417,88.0,57.640511447935644,0,210,39.04691608248931,31.0,34.50137443299979,0,176,39.15233555455466,25.0,36.03608649438299,0.0432945,1039068,5497,0.4321180028611249,1.1895424836601307,2924.533004577179,2256.899767868898
89,0,200,81.51463298859942,91.0,54.26400797878663,0,184,70.09355283166288,69.0,51.06557496605097,0,193,65.46795738853557,51.0,50.652295073106345,0.019838166666666667,476116,3903,0.3927584502866236,0.926829268292683,3215.516907644356,1996.2117887237564
90,1,255,81.16849171546137,74.0,49.59129829258736,1,255,59.108829096009394,50.0,42.399479161627994,0,255,57.07836725727274,45.0,44.602700205003934,0.0197255,473412,5044,0.23382932200138648,1.009090909090909,2917.719964850912,2245.9291188225056
91,3,255,89.4987675260541,80.0,64.29633802438006,0,255,71.18484257706395,55.0,57.53409804531566,0,255,55.7479965697726,41.0,50.37184084880473,0.039453166666666664,946876,4735,0.5307170084973121,1.1538461538461537,2252.0678652748616,1237.8021831792125
92,2,230,81.0776030255927,84.0,53.409697245301096,2,215,68.28644480618827,66.0,48.60526503889549,0,255,71.70087634480986,62.0,57.075468764059096,0.034042916666666666,817030,5547,0.33368104402835114,0.7843137254901961,2486.2061442052313,1516.9124144768246
93,1,236,75.54917430640879,68.0,51.240017745944904,0,218,56.114034428243706,45.0,44.06745153207635,0,255,42.42026171307792,30.0,40.30506630148734,0.038795666666666666,931096,4266,0.642928418488656,0.9125,3133.9495648139396,1928.9374028027185
94,3,255,96.504565997827,92.0,61.53062994815627,0,255,83.50684331635414,68.0,61.6946069417265,0,255,44.77779877799398,37.0,38.59714770491172,0.0403435,968244,7218,0.23353981025099668,0.8617511520737328,2544.313264011964,2788.0992353167176
95,0,255,71.71341695446867,55.0,62.06717409062754,0,255,54.98213657670332,38.0,50.52922798857918,0,255,31.641768670614216,21.0,31.17620335523289,0.028906833333333333,693764,4250,0.4826627290184333,1.2941176470588236,1886.3500498728674,2223.5374565414177
96,2,255,105.84271684901931,107.0,64.73697664056229,2,255,87.9574906084964,90.0,56.502852667666865,0,255,64.019556693643,53.0,50.846824559479096,0.0365135,876324,4738,0.490551329614955,1.5083333333333333,2810.409528895705,1851.4311647290272
97,3,255,100.59977207645466,93.0,71.1289928934385,0,255,81.1874935310252,66.0,66.11335605476242,0,255,70.2089996377374,49.0,65.63988891007811,0.038646,927504,4592,0.5527412756493959,1.5847457627118644,2914.5598552674705,2037.3237031861856
98,0,174,53.36859809370013,29.0,50.0597273037601,0,170,49.71052722880014,21.0,51.0711290980852,0,196,40.645426331161254,14.0,45.36482638558493,0.026421166666666666,634108,5962,0.2241760192256376,1.25,2642.791902956594,1205.1894251452434
99,0,255,60.03841173585615,53.0,44.533548857686455,0,255,44.70160288583621,31.0,37.34834650680289,0,255,34.32901787146662,21.0,32.72125957511559,0.0363615,872676,4794,0.4771630841157019,0.6098901098901099,3294.0514051033833,2345.636621151493
100,1,255,57.150882310383835,35.0,51.68615609291158,1,255,48.67015962484544,27.0,46.36411961900147,0,255,43.055350753729186,22.0,44.3313830106659,0.025340666666666668,608176,4524,0.3734168829585745,0.9923076923076923,2870.87990318592,1895.7785049064744
101,0,255,79.70279900445274,75.0,58.749182583365155,0,255,64.67220342608256,53.0,52.89373196272036,0,255,56.632629450310134,40.0,51.07557512996772,0.0257145,617148,4732,0.3463456345453176,0.68125,2922.137075709554,1799.5320474181233
102,0,255,68.93065812099421,52.0,60.17033040059961,0,255,56.02605127403471,38.0,52.410673627679216,0,255,50.024087853681415,30.0,52.49578259827528,0.026654166666666666,639700,4713,0.3619022933574507,0.9452054794520548,2862.8638861966547,1584.6994778802564
103,0,255,81.31879203547662,83.0,59.19534254199195,1,255,66.790238912082,59.0,52.096450959956506,0,255,58.255952134915056,45.0,50.06910933359936,0.028225166666666666,677404,4531,0.41463837752274424,1.2461538461538462,2958.395775637581,1957.005881276166
104,2,250,76.42868389909269,57.0,62.1324429509921,1,240,70.00845463115877,44.0,62.867982007312726,0,249,60.49168744943602,40.0,56.42238608004767,0.024927166666666667,598252,4871,0.316852956673405,1.0208333333333333,3113.3987149228083,1758.2822556380922
105,3,255,80.15438618071909,66.0,61.540598009130775,0,255,61.102969809861875,42.0,57.11019665722768,0,255,53.9687800934875,31.0,57.55921620406462,0.023710833333333334,569060,3313,0.6515159492342513,0.6842105263157895,3022.2389695286965,2226.3202122799003
106,0,255,68.10974772519633,65.0,45.03107665558895,0,255,51.90527416467308,48.0,37.106123036398074,0,255,40.52337119831852,36.0,30.689199803655633,0.0315595,757428,5408,0.3254451875512057,1.2481751824817517,2760.249285740691,1741.965910951272
107,6,255,108.29329181878398,110.0,59.5003464282658,0,255,83.63727914105704,83.0,52.28753962568955,0,255,64.08316581172882,59.0,39.567561792791636,0.021639,519336,3938,0.4208301714522423,0.896551724137931,2542.8641573085633,1297.864334457846
108,1,255,71.41703143544682,70.0,45.57685407761529,0,255,54.89458726684742,47.0,39.86674625630141,0,255,52.619431831792596,41.0,43.66181756538147,0.0153065,367356,3029,0.5031511329082974,1.2988505747126438,3003.0570999248685,1657.7344047735712
109,3,220,81.8713922551532,81.0,50.862524895456765,0,209,65.75769915976682,56.0,48.814020867541814,0,255,46.88347634993721,43.0,35.73944444556945,0.03264966666666667,783592,6776,0.2144633387833158,0.9116279069767442,2745.7506406395164,2250.230170803173
110,3,245,73.23347280495489,74.0,45.70299874990875,2,227,64.10663047320455,68.0,40.82381741221567,0,233,37.59503857562205,32.0,29.485109642262813,0.021689,520536,4176,0.37509360034168954,0.9106302916274694,2969.9490909370343,1783.5514316012725
111,2,255,76.99542957042956,68.0,55.974491364225216,1,255,64.80999577345732,49.0,52.97788769433801,0,255,57.728217935910244,40.0,51.09289777810475,0.021688333333333334,520520,4161,0.37779121391292353,0.9624060150375939,2735.7652539767923,1659.0549220010757
112,0,255,73.91542804005185,63.0,59.90428842940012,0,255,57.91564783678683,47.0,51.99952187417639,0,255,57.842309932182374,45.0,54.86500518137295,0.044359166666666665,1064620,4553,0.645370610190022,0.9352941176470588,2816.5360786008155,1700.6405478010934
113,0,255,56.54241422816928,28.0,58.17161216692459,0,255,46.62733239188814,17.0,53.533163470563885,0,255,40.955591952958606,15.0,50.84805030270703,0.028797333333333335,691136,3928,0.5628989271837131,0.7320261437908496,3153.365195851468,1864.2615751458468
114,1,255,59.9264219160341,40.0,50.24056610247846,0,255,48.01742094470627,29.0,43.60346811548293,0,255,41.47479719034428,23.0,41.18359986525607,0.018531333333333334,444752,4250,0.3094210914034257,1.0176991150442478,3079.001870705472,1942.8403694643307
115,0,255,48.25757385220413,27.0,46.34631385495757,0,255,35.063826138650086,19.0,35.56704647731119,0,255,28.610703996707517,15.0,36.44290499427943,0.014578666666666667,349888,2625,0.6380875873393954,1.452054794520548,2525.476598225718,1341.7660165538687
116,0,255,44.072200246081664,29.0,41.98977782090206,0,255,34.127051159688605,18.0,36.92559199896569,0,255,23.378694099789566,14.0,29.635938111769455,0.028987666666666665,695704,4140,0.5100745817806153,0.75,2946.0954946356496,2896.0573002311326
117,0,255,79.33237697014737,75.0,55.04209463970868,0,255,63.969751094722284,57.0,49.201628088260875,0,255,44.20790551758846,35.0,37.77769459133865,0.03543516666666666,850444,4719,0.4799053934646198,0.9393939393939394,3555.332701506507,1722.1227970330792
118,0,255,51.736603188662535,30.0,50.030491788653094,0,244,43.72872882948171,19.0,45.573749576652745,0,255,43.70528468923066,19.0,46.87815091744344,0.037257,894168,5736,0.3415157224568879,1.1712328767123288,2456.0512342199677,1838.9202700163728
119,6,255,98.86679658978655,95.0,59.26082927106367,4,255,85.03650732293949,76.0,59.95046411253332,0,255,76.41388029893055,62.0,58.26662468343941,0.015522,372528,3924,0.30402604325604904,0.8699186991869918,3173.8215543529614,2664.6364085384184
120,4,255,92.23340405116332,73.0,69.91322839791547,0,255,68.99127617806808,52.0,54.7893073594909,0,255,50.79877989735645,40.0,42.85760249758821,0.02839925,681582,8785,0.11097992958420866,1.5116279069767442,3450.9704760395666,1347.1686180092784
121,1,255,52.270211297094804,42.0,40.983325918618725,0,255,40.38513111284646,30.0,33.45577913416639,0,255,38.695331545173666,25.0,37.68652622821997,0.018408125,441795,5602,0.1769067693338293,1.3235294117647058,3237.7417603187,1955.7766000067904
122,0,255,84.68429266825447,75.0,56.69897109425694,0,255,63.56085643430648,51.0,48.472602453399254,0,255,50.8648547032681,36.0,43.06832012486656,0.027151333333333333,651632,8060,0.12604980660207926,1.3220338983050848,2767.0718841309204,1791.4102576300734
123,2,255,113.03840046017251,115.0,76.30952605902499,0,255,90.63322572122132,78.0,71.50702203227968,0,255,83.88364130763853,62.0,74.75051225712275,0.0302785,726684,6537,0.2136970328867759,0.9954954954954955,2723.296068167181,1557.559904993092
124,0,255,71.88665306544281,73.0,51.874154995785375,0,255,66.42482261630896,69.0,49.83650600148139,0,255,54.12088629963777,47.0,49.178215871287854,0.032656375,783753,6799,0.21305856512847957,1.1861702127659575,2330.0511998040197,1365.1811808056875
125,0,255,65.16607852991889,52.0,54.534697858504394,0,255,54.26297588978678,45.0,47.56385767636129,0,255,38.30680913399766,23.0,47.53078171559868,0.038882208333333335,933173,7690,0.1982984634649801,0.922509225092251,3096.1940411906476,2256.209970712826
126,0,255,78.70723601667166,58.0,67.6622433210776,0,255,60.93383152478819,37.0,59.0914272771551,0,255,54.3738629014654,27.0,61.00885449992696,0.04084775,980346,6471,0.29420255873593293,0.5671140939597316,2903.9902871027166,1998.8309209197569
127,0,255,87.26003512552973,87.0,52.73402151694145,0,255,73.98492140792241,71.0,50.6352822789704,0,255,56.55249142584783,50.0,42.21195395713009,0.032170333333333336,772088,5794,0.28901453513729924,1.160220994475138,2200.4419742309165,1797.7262475261887
128,0,255,56.28725669891844,38.0,53.232464747375076,0,255,46.40260831535653,22.0,48.5437700617364,0,255,45.92863888984438,18.0,52.06759152638376,0.04239645833333333,1017515,8117,0.19407053018247608,0.9260869565217391,2121.7616035144447,2250.261844788529
129,1,255,86.14045150287609,91.0,50.60168665195235,0,255,66.3192550106193,63.0,45.54533060322647,0,255,53.573391584664705,51.0,38.58660178959806,0.030271125,726507,6526,0.2143658144226906,1.0323691460055096,3336.904855699945,2224.637556141923
130,3,255,75.02804724441967,61.0,56.05831992748551,0,255,56.8750831113589,42.0,45.47369334330291,0,255,49.09832744842966,31.0,46.40285332390269,0.02017875,484290,5646,0.19091217167800748,0.7738693467336684,2860.610960374982,2046.0251378306386
131,0,255,65.0551368869721,30.0,69.45838866925253,0,255,55.87843352375187,19.0,65.70744534650939,0,255,53.47284833352249,15.0,65.23681776870235,0.03304125,792990,6019,0.2750609179774357,0.8325358851674641,2908.8503562466108,1360.8085095650638
132,1,255,60.98309569466573,49.0,52.011325306487876,0,255,48.52503212885597,31.0,46.832681501045364,0,255,48.807368758184246,26.0,49.963818646861,0.030832875,739989,6451,0.22345035254007994,0.8318181818181818,1669.1627740412357,2495.481194990736
133,0,255,89.01089003284041,82.0,59.66821151510721,0,255,81.81622975859196,68.0,59.882759062715294,0,255,69.1552667827756,51.0,59.831293488627686,0.03890025,933606,8267,0.17166336556889578,1.1931330472103003,2545.559186637618,1509.6081966054203
134,0,255,68.1893866464966,43.0,64.73275376019184,0,255,55.55770387815444,28.0,58.853370282044494,0,255,52.63846545588943,23.0,59.837389335277486,0.038781333333333334,930752,6324,0.2924557197757202,1.0043103448275863,3235.919706860689,1017.0722931565014
135,1,255,99.67920744291325,99.0,70.1937183329122,0,255,84.23375607482858,79.0,65.87671119161732,0,255,71.149415817855,47.0,65.60661649898657,0.020028,480672,5664,0.18828347238005352,1.4324324324324325,3337.6636084481725,2173.3788591804805
136,1,255,59.077856604831226,47.0,48.69757788791372,0,255,44.63228288985817,30.0,43.03443691857957,0,255,44.946043757773225,28.0,45.08026509670401,0.035679375,856305,4256,0.5940665582315287,1.1851851851851851,2943.5598180554825,2257.0363702185555
137,0,255,90.20255033971111,87.0,61.477050012937454,0,255,71.04232314585599,61.0,55.606699027661485,0,255,59.8059501499973,47.0,49.7903372795414,0.0216115,518676,5330,0.22943073631048946,0.8730305838739574,2919.109156776099,2082.60710154316
138,0,255,54.9128830345788,41.0,48.7291049441437,0,255,40.485532607228365,24.0,41.509618208895525,0,255,31.124634283237775,18.0,37.48206589845655,0.029323125,703755,4979,0.35673613679178895,0.7918552036199095,2931.828069427571,2261.12484032085
139,7,255,105.6927600714775,92.0,51.09277092240722,4,226,93.3037930791797,86.0,44.67399119695223,0,255,81.02708729214623,66.0,54.12170316462339,0.024273375,582561,5024,0.29003606856946507,0.9182692307692307,2922.1954507768287,2178.400982901361
140,16,246,135.48870628695155,140.0,45.13782409308563,10,231,118.74709504163056,120.0,39.98686519375131,6,255,98.21545370906998,98.0,44.70080842469449,0.021783875,522813,4206,0.3713793102669289,1.3661971830985915,2486.9432378307347,1922.0271607630261
141,6,255,125.05788004868015,122.0,62.465725097065274,1,254,113.74758077174758,114.0,52.06538199352087,0,255,91.94302913674271,90.0,51.1614456420964,0.02043954166666667,490549,5852,0.18000460839058235,1.0476190476190477,2782.8838485044307,1422.763391628563
142,15,255,121.80815960546963,115.0,45.28569208774478,0,222,98.07513337816633,95.0,38.088761432847555,0,255,95.05364716431293,91.0,46.5350095654531,0.0185875,446100,4693,0.25453117293865873,1.3202614379084967,3854.8541761936785,1286.7907487110513
143,3,255,129.0591220750067,123.0,62.12159286752092,0,255,93.23357001683625,96.0,48.1089226899501,0,255,85.38861479149891,66.0,59.44869963125927,0.008538125,204915,2588,0.3844634602991045,1.1263157894736842,2774.7780933557815,1979.3797232999048
144,3,255,125.83404923493981,114.0,56.0829894307748,0,255,87.34908794135335,81.0,44.56803437297035,0,255,74.39354065843857,52.0,58.39094748497573,0.00873025,209526,3057,0.2817454483386588,0.7264957264957265,2695.09831238128,1942.8003589053387
145,1,255,117.02991320764612,109.0,52.96459731722072,0,255,83.19411595038939,77.0,45.2339519763806,0,255,66.36265568870127,50.0,51.82888609185121,0.007945208333333334,190685,2181,0.5037500056433446,0.8877551020408163,3409.8679130503187,1792.4502818784906
146,7,255,116.16701904049683,105.0,57.26391698462471,0,234,96.80323537648604,95.0,49.90774445280126,0,247,63.80490645936622,55.0,42.55297867015071,0.02707825,649878,4460,0.4105556014656641,1.2467532467532467,2977.917790723797,2291.549569303777
147,13,255,157.32570393290763,153.0,59.17786279284479,5,255,117.2593223547227,112.0,50.14403697910251,0,255,97.42691227541556,84.0,60.65703037710227,0.02157225,517734,3517,0.5259831283470999,0.9753086419753086,2839.599603271178,2108.9265704010168
148,5,255,115.87385542360354,117.0,50.11706451468267,0,194,65.67562657919362,60.0,40.359122872638395,0,194,42.76275395458286,33.0,29.99371559975711,0.028808875,691413,3921,0.5651369720027327,0.7696335078534031,2651.625757687518,2558.0330338017943
149,12,255,137.95081814801043,128.0,55.827605178291066,6,255,119.98275654627787,120.0,51.80945675873337,5,255,99.60025594469845,83.0,54.23664419298306,0.015237666666666667,365704,4094,0.2741851300943977,1.0180722891566265,3510.4928767527836,1984.5422882987334
150,0,255,94.96780146944973,90.0,48.1940332225526,3,254,75.7620810045402,69.0,46.18582690655675,0,255,81.74230436889081,69.0,62.425271889919486,0.01668425,400422,4958,0.20469854214452962,1.2781862745098038,2467.453424137535,2361.7002637217734
151,4,255,109.49046994933762,96.0,60.99285567103733,0,255,79.07836505119133,64.0,54.54797199860022,0,255,73.02051767305726,52.0,59.051245796830145,0.014178833333333333,340292,2909,0.505328928346442,0.746268656716418,2953.9376946857406,1991.689742926663
152,13,255,120.14220075266617,120.0,55.85280406157719,0,255,91.61228312527003,90.0,49.7397340953076,0,255,83.14025086977284,75.0,49.089152147852374,0.029318,703632,5114,0.33809130273714694,0.8432432432432433,3121.807215987903,1681.0898651567866
153,1,255,136.1415053392223,142.0,57.019933310864744,0,255,109.03438441650061,113.0,51.974692658105575,0,255,94.96329026681727,92.0,49.82639663955833,0.033310875,799461,6061,0.27347559661952636,0.920114122681883,2655.211585055431,1632.6337257227058
155,13,255,167.42652187907282,195.0,69.89839813034867,2,255,162.11003646072425,182.0,73.43644799634636,9,255,165.43121797814467,198.0,76.83178541206327,0.007896625,189519,2631,0.34404949443667887,0.7175572519083969,2968.0400065428794,1978.6235522559743
156,3,205,81.81652542716064,81.0,47.470651777928104,3,182,68.39214008223298,62.0,43.55084321842397,0,157,56.903931038765045,45.0,38.911623267216505,0.015433791666666667,370411,3276,0.43371650871464074,0.6946107784431138,3282.620502630861,2129.6857193765845
157,10,255,112.33582539610788,122.0,57.544007292611106,0,251,75.77551479416502,77.0,45.015250931473545,0,255,106.80425638882794,111.0,64.2242621386703,0.037792208333333334,907013,5976,0.31915540088843114,1.092511013215859,3095.8432944180513,1694.1121340046946
158,2,212,80.91494549528102,76.0,43.57216240457162,0,191,57.68113301727727,51.0,35.75178268175695,0,230,69.70647960932342,54.0,49.25092875093723,0.018113875,434733,4449,0.2759990966923829,1.0057142857142858,3588.377015317448,1159.5076541233354
159,5,219,79.10277353833399,81.0,39.786265146535015,0,187,57.24623066342585,53.0,33.86661800995795,0,236,71.92585118610216,66.0,47.75084842175193,0.02211375,530730,5467,0.22314407174565803,0.8468776732249786,2404.2418141051007,1658.9670435061141
160,7,255,104.82424838527375,110.0,59.93297170488015,0,255,73.118474917685,69.0,48.018417454264075,5,255,104.92131948935996,98.0,63.6514987961191,0.032661625,783879,5435,0.3334723247075683,1.1855670103092784,2201.8237853035994,1909.906763671434
161,13,245,120.70241914917592,123.0,46.47936707293691,0,219,66.45348816520672,63.0,32.47926382437013,10,255,102.70735747935608,91.0,57.81061897308479,0.021076625,505839,4718,0.2855658703750347,1.2133333333333334,3241.321584535791,2155.0537562346913
162,6,251,135.89025520944205,145.0,49.04036432688017,0,223,84.16683459873695,84.0,37.18871649103314,5,255,119.9986092386291,118.0,53.076441551313735,0.01761625,422790,4046,0.3245508970151261,1.1946308724832215,3222.279391660162,2069.4314837153197
163,12,241,123.72752156068775,126.0,41.20320942738069,7,205,84.9378581349907,83.0,31.521599776190627,10,255,101.20818482158973,99.0,43.76751388128711,0.026548125,637155,4736,0.35696987907408323,1.1529411764705881,3241.7849110499014,1573.7818929459866
164,8,237,101.31007198720553,106.0,47.749852452479914,0,222,86.93733904741688,91.0,43.82132045859385,5,255,100.83108319944762,95.0,47.84194112982383,0.034155375,819729,6335,0.25667698258283617,1.2037765538945713,3083.2965443457533,1572.7463393389767
165,8,255,125.35642958901164,119.0,44.098509096609845,3,235,111.12306467220385,107.0,42.93109882120176,0,236,94.13716299760772,97.0,36.02704334672449,0.012401,297624,3779,0.26189308372843134,1.2109375,2954.510284788861,1708.3040615004165
166,12,255,120.91628635044039,108.0,54.05079104934689,7,253,108.23168023913792,99.0,54.096165909389995,1,255,96.46914518033755,92.0,48.03639777654786,0.013548666666666667,325168,4417,0.20944156063255148,1.1349628055260361,3118.67000442848,2424.095802785022
167,6,249,109.22388267240362,102.0,52.84977647706895,3,241,95.9410764649552,85.0,47.96163318759977,6,247,95.96625257441198,89.0,42.49250435377242,0.015881458333333334,381155,4759,0.21148524643275324,1.0432432432432432,2881.0316196822814,1914.0451364930277
168,10,255,154.22360400695882,151.0,52.59988447095705,0,255,123.15572735673473,116.0,48.499472652515884,0,255,92.55566618510275,76.0,56.79161351519808,0.01920825,460998,3967,0.368115838988689,0.8719512195121951,3060.1655516943674,1868.7844741191936
169,5,255,142.42154932137663,133.0,56.91241123284534,0,255,113.20177263424355,104.0,51.690273944252326,0,255,84.43932783971563,71.0,49.36585282786132,0.024756,594144,5608,0.23740265404092845,0.668141592920354,2862.2448631981474,2207.959774061507
170,9,255,118.26632862180645,119.0,49.58754837999994,5,255,90.71182208524229,83.0,51.90278780544733,0,255,63.858932345202206,54.0,45.55320887794456,0.013032458333333333,312779,4348,0.2079066496744249,0.8835616438356164,2926.314445662912,1884.0174660063494
171,0,255,68.52016523790076,59.0,52.37043357591843,0,255,46.79159232980359,35.0,42.66623051586009,0,255,36.2142933910702,21.0,43.27647526951337,0.021322791666666667,511747,4228,0.3597453691378817,1.5245901639344261,3419.0604693334794,2155.733211919171
172,17,255,156.86754077824256,148.0,55.371278033724366,0,255,123.72046582048198,115.0,46.79927669307374,0,255,93.07091634101921,74.0,57.95059765194081,0.020887875,501309,3797,0.4369524424810248,1.1474358974358974,3390.1016518753904,2190.4612624149977
173,7,255,124.27028598563773,119.0,51.28228649027972,3,255,101.94294500922274,104.0,45.808230111256776,0,255,85.13152496600024,82.0,49.39329035673523,0.012898375,309561,3338,0.34912700294017507,0.9407894736842105,3049.148255109655,2017.16471713168
174,12,255,131.04455508958358,124.0,47.10593034280333,5,255,107.77538665463679,110.0,42.89092504826547,0,255,76.48594379746741,73.0,39.13203796857429,0.022444125,538659,5208,0.24956393997262286,1.1011904761904763,2489.0560985707098,1114.0658022979287
175,12,255,132.9325807320256,121.0,54.561150801404644,6,255,111.19901126140122,99.0,49.64671091695081,4,255,110.54690087066996,98.0,55.24892957861908,0.030173125,724155,4505,0.44838575523985724,0.8837209302325582,2827.552129033149,1924.315855031036
176,5,255,113.54348455205636,109.0,48.63051391986865,0,255,102.58855173079068,103.0,47.27074506073947,0,255,92.26676906010063,84.0,50.12022245128831,0.027643916666666667,663454,5382,0.287828168353137,1.0380952380952382,2709.9921833314743,1632.7413475538622
177,1,252,88.55858698020984,89.0,57.33113764033814,1,237,70.75316950495187,62.0,51.996420921777634,0,255,62.46699563793098,53.0,52.924003848508704,0.02409025,578166,4086,0.43517675367611725,0.8265895953757225,2667.8701324533095,2093.202381323011
178,14,255,126.30378993710106,117.0,47.453388323490984,10,255,98.99759371538732,93.0,40.26497689149171,0,255,81.6183079578271,68.0,50.34259664829166,0.026822125,643731,4254,0.4470121387977429,1.5789473684210527,3016.769016871954,1819.3892153710167
179,3,255,114.56873502629438,114.0,70.22941507207206,0,255,104.61818874100959,101.0,67.79240768398532,0,255,90.01346984490394,82.0,68.28180926492446,0.016852458333333334,404459,3637,0.38423574620249673,1.099882491186839,3072.2740698068283,2188.6179761112994
180,7,255,83.9313843923653,76.0,49.065247674860146,5,237,73.53891633550222,66.0,43.73806799722845,5,255,87.82356224641967,77.0,51.00899925583098,0.015003875,360093,7032,0.09150963411604489,0.8390243902439024,2733.7922675531045,1642.1066530035296
181,3,255,115.22291976485383,106.0,53.88855382552691,0,255,106.11590962775178,97.0,52.13828406980496,0,255,95.44573972233589,87.0,46.20760486259841,0.012524125,300579,5549,0.12267019330793812,1.0198675496688743,2811.6785603784697,1845.8164243010988
182,2,255,151.9011690352131,159.0,58.44350436674426,0,255,140.13267706400845,145.0,56.11791951446486,0,255,141.6243494264301,141.0,54.28500598755296,0.014082125,337971,4459,0.2136064468822614,0.6157635467980296,2875.4134319216737,1878.9698554017948
183,32,255,162.51115260033927,164.0,44.82998751204432,17,249,140.52751884934517,145.0,43.47809180861023,0,255,132.03773282226493,132.0,56.819067353905886,0.024415083333333334,585962,3813,0.5064606477891289,0.9574468085106383,3068.543357760401,2292.2309194111563
184,13,255,138.17811960947574,139.0,44.348026304776006,7,234,122.6260947924242,128.0,41.26628561092313,7,255,123.3544703365268,123.0,47.29543120133609,0.02372025,569286,4717,0.3215204605052529,0.9788359788359788,2776.4955734024725,1557.5015440393756
185,37,255,108.92215160745214,96.0,55.64758822542541,16,246,115.49670113089027,105.0,36.50469574630227,17,255,96.28874414617609,77.0,54.04012456726421,0.02372025,569286,4717,0.3215204605052529,0.9788359788359788,2776.4955734024725,1557.5015440393756
186,0,249,116.6574756113095,115.0,54.33799596545894,0,234,98.01789016414324,102.0,48.08528319597917,1,255,91.09003720345945,86.0,44.89987039047762,0.01897225,455334,4599,0.2705285628339047,1.2444444444444445,3148.662199616106,1586.9196875260798
187,4,255,111.39196072873857,105.0,57.96449439806421,3,245,89.17843702269042,80.0,53.69217130970048,0,255,82.04838443006282,72.0,52.4259300856933,0.0105845,254028,2975,0.36067622280017797,0.567741935483871,3015.2446305131716,2836.8101705323825
188,22,255,215.195609196402,235.0,45.71260326772408,26,255,213.3180996600244,233.0,43.73345308823929,33,255,218.4906922055375,238.0,49.949859615075816,0.037367875,896829,7290,0.21206278009605964,1.13125,2900.1028713389064,2332.061544619989
189,30,255,180.75156881466984,195.0,39.114181010794134,31,255,178.97653173263882,193.0,37.44348798685312,27,255,185.15139574764638,195.0,42.98265802530537,0.03958004166666667,949921,6900,0.2507258840655361,1.8840579710144927,3519.3250543992604,2184.5460706732456
190,0,255,79.78968796906426,82.0,61.01365562411755,0,255,68.84716827164183,66.0,53.789754225613024,0,255,71.69117726719124,68.0,57.21532692847228,0.023845125,572283,2801,0.9166308959999553,0.8209876543209876,2782.50772607259,1906.9361819239782
191,5,255,79.30273485210557,75.0,45.50559584810389,5,255,72.77605721062787,71.0,44.16331125391191,1,255,54.56003752677323,48.0,35.30209793147851,0.011769375,282465,4166,0.20452009002667035,0.9731543624161074,2414.546110137539,1944.4222930274548
192,0,255,187.3901869039007,215.0,59.43228216609491,2,255,186.92376727052581,212.0,59.43778937148673,0,255,175.94637222760923,192.0,60.31601477920724,0.0324855,779652,6582,0.2261491216993672,0.8112449799196787,3278.0069415585417,1292.6561209360073
193,10,255,191.34150183686708,216.0,56.15907398083645,8,255,190.0207799635516,213.0,57.16336629235379,5,255,181.39798587301254,195.0,57.53008189038813,0.041817125,1003611,6985,0.25848923178044453,0.8205596107055961,3229.8331754036176,2009.4844705767473
194,3,255,143.8417534775615,133.0,62.00546944355667,1,255,110.47514962414564,94.0,58.787798411555855,0,255,110.4971193507682,97.0,59.54458732030131,0.022354625,536511,5951,0.19037442041384664,0.9859154929577465,2836.9562916696955,2041.591452924544
195,0,255,104.50544736127898,91.0,55.26018241159228,0,255,77.85279228890316,61.0,54.03290208585421,0,255,70.50005141405508,55.0,50.47127486495162,0.024717625,593223,5040,0.2934720677027848,0.9028871391076115,3076.635991861408,1877.7724515064317
196,3,248,90.89539815136737,93.0,53.041251138398124,0,230,55.406790013249264,47.0,40.96563613586504,0,249,80.84584809389125,77.0,49.57126277999073,0.02660525,638526,4873,0.3379057851029499,1.0053191489361701,3242.4539157371823,1909.504911311364
197,0,255,70.34554674400529,57.0,54.463434966612915,0,255,47.20726324344135,31.0,42.63557245697926,0,255,57.570570602472785,41.0,50.80194246102847,0.023532875,564789,5583,0.22769885041653584,1.0492285084496693,2794.5895989475716,2281.5961783958255
198,0,255,63.246987866341776,53.0,50.86940109117089,0,255,40.83867838534739,27.0,38.728491175495286,0,255,50.635617837648034,34.0,47.04314940589663,0.02349525,563886,5199,0.2621570499781301,1.0210526315789474,2670.63639104358,2041.0698953334538
199,0,255,73.69627776218478,65.0,52.85636190448513,0,255,60.292046888513134,50.0,47.795556831659894,0,255,49.69278645280685,33.0,47.41897314179945,0.03651925,876462,6812,0.23735242704491502,0.907103825136612,2859.0075120199162,1886.6545771522326
200,4,255,140.88776593479687,141.0,83.31519714222995,0,230,74.5688541512185,59.0,50.70532370574052,0,255,91.14109282701041,89.0,51.53502893457467,0.028376708333333334,681041,4461,0.4300497263146772,0.7172131147540983,3004.4477777402535,2720.9670871504063
201,0,255,63.1891360732394,40.0,64.62949629182586,0,207,36.07968563572105,19.0,37.04047813066654,0,234,42.03497682518364,26.0,43.64114252310106,0.020289625,486951,5240,0.22286021855626806,1.0819672131147542,2470.7064961361616,2195.2354877595485
202,0,236,81.03563976362275,97.0,54.42810172443836,0,197,61.55434196424305,66.0,41.67281630782507,0,206,58.712988688570476,59.0,40.74911421301754,0.03662225,878934,6387,0.2707523884237923,0.8801652892561983,532.0358957555402,3229.9915807102693
203,4,255,116.18697323373888,117.0,52.12791120254571,2,255,105.4775716275338,103.0,55.33725761934386,0,255,81.30301047238946,78.0,47.65913661763992,0.06901879166666666,1656451,9027,0.2554474504740927,1.4456521739130435,2634.365260427263,1725.8142655593192
204,0,230,50.54562121343595,27.0,51.38129345712074,0,208,44.90806673029986,21.0,49.41981511081494,0,255,47.06847353771602,25.0,49.71733150876019,0.03745425,898902,5794,0.33648462825997627,0.8509520682862771,2928.024638948406,1889.2271059581578
205,0,225,61.39199133810695,47.0,49.52138228095746,0,201,57.789739724470444,39.0,49.44539632619843,0,226,50.09537653512314,34.0,45.7237634299383,0.034826875,835845,5822,0.30987833277404714,0.9069767441860465,2761.9007100598797,1594.110003649002
206,15,255,139.82972061053698,138.0,54.88564030024654,0,255,112.52731942969787,107.0,48.21922402088206,0,255,105.3281665198968,99.0,54.17174967900742,0.021623041666666665,518953,5021,0.25867678115709875,0.7793427230046949,3149.4448456796667,2309.69945833245
207,13,255,187.23241048605132,201.0,55.810176983197444,11,255,170.20538518442467,184.0,53.60535328510341,10,255,152.6855211303201,166.0,48.713515733467695,0.0633095,1519428,9209,0.22514641878569758,0.9749303621169917,2478.429084497587,2297.7221855856283
208,19,255,154.78137530442055,158.0,45.545000786744296,17,255,135.69457854665322,132.0,49.59630297516832,13,255,126.91816160734054,127.0,54.5889174672709,0.027100666666666665,650416,7222,0.15670617568022652,1.00398406374502,3271.890693033382,2111.948357666478
209,0,255,64.54610141850519,47.0,54.560804418254605,0,255,56.38186944213668,36.0,50.02751342522865,0,255,42.26043109018739,25.0,42.45119908813466,0.010833,259992,2893,0.3903668961677843,1.2251461988304093,3069.7166489738147,1593.1548701498507
210,0,255,57.092521781465216,38.0,51.851572451949025,0,255,47.9957975380267,29.0,45.87597747503047,0,255,37.495288712180376,19.0,46.786175311957855,0.012324125,295779,3380,0.3253447475527194,1.2050264550264551,3167.234800306986,1976.213118578398
211,0,255,72.60908573625528,52.0,59.91080260436272,0,255,72.53419761630143,55.0,58.760370983120765,0,255,76.91844982698962,62.0,60.87832072223988,0.013546875,325125,4549,0.19743691459859844,1.0440613026819923,3214.821696270665,1550.884336793541
212,2,255,72.45839761993112,66.0,49.4612311793315,3,255,80.8242095189735,74.0,54.57306027050572,0,255,64.79707569217949,47.0,54.522747968784735,0.006400375,153609,2026,0.4702703998309234,0.9655172413793104,2746.4772637019964,2641.298621825544
213,4,255,117.5688062732433,113.0,52.044538007603535,2,255,101.40415198669015,107.0,50.80077160448332,0,255,74.78958394499902,67.0,46.894236972789656,0.013624,326976,3308,0.37548685590874104,0.852112676056338,2978.5417584165198,1890.776405607751
214,0,255,64.95735896066915,60.0,51.624487608165715,0,255,56.20595598267782,43.0,48.01866448264922,0,255,46.81347214806905,31.0,47.15272456699813,0.03511875,842850,5040,0.41696450114593014,1.100502512562814,3096.1678982025273,2415.0396915228093
215,3,247,69.99023670862782,51.0,57.36548644777741,2,255,58.93270145373776,43.0,47.97927667830672,0,255,45.41641591051051,31.0,41.08701352174409,0.016076375,385833,3395,0.4206585074425776,1.014388489208633,2668.2484028063955,2054.1247379047413
216,0,255,115.65409906971796,119.0,67.8750974696064,0,255,94.63771851913532,94.0,62.417485793960516,0,255,84.80132395187144,72.0,62.910206918717954,0.0360285,864684,5569,0.3503586555756022,1.2475728155339805,2735.6723485111324,2677.520587867938
217,3,255,114.63219754577845,115.0,54.78655240608329,0,255,97.70836973678061,104.0,54.35260320048081,0,255,75.56213933621684,63.0,53.274533811724304,0.02317775,556266,4755,0.3091657225573182,0.8235294117647058,3275.9156141126728,2115.4732663869445
218,2,255,141.6508815048478,146.0,64.15728432171079,1,255,118.03080697634914,116.0,63.14326813498946,0,255,98.94900195029857,93.0,61.66344180726921,0.019377375,465057,4406,0.301041981645496,1.0451977401129944,2963.5350892471247,1941.9356573495293
219,0,255,89.95101642676524,80.0,63.1264385494182,0,255,74.29211327315349,62.0,57.89339780563883,0,255,65.73175591835172,48.0,58.04186816984746,0.04788425,1149222,5588,0.4624885661706075,1.055793991416309,3270.7950604843973,2130.35997048438
220,0,255,86.24564390376857,73.0,69.15306055618244,0,255,76.08669197725885,58.0,65.6711917182429,0,255,64.87893814516099,43.0,64.15181447547008,0.043416166666666665,1041988,4941,0.5363433171905934,1.4395604395604396,2873.2268711347924,2664.9122533080995
221,0,255,94.69786425972299,81.0,65.11812060350474,0,255,80.73899623346661,64.0,60.950526298198994,0,255,69.59042007836209,48.0,62.48456431326421,0.038485875,923661,5485,0.38580620381020087,0.8809523809523809,2967.398663578954,2423.23000646341
222,2,255,111.52193457831375,106.0,68.45712673465599,0,255,95.65791692101973,87.0,64.46151115597758,0,255,84.60774707545878,65.0,68.33706146630144,0.0401345,963228,6634,0.2750350405741193,0.8086642599277978,3067.6056769529123,2393.984454355563
223,18,255,143.70944972397157,139.0,59.170251111348094,14,255,136.4037462157393,131.0,57.78313120588826,0,255,125.03914045340974,125.0,58.555025218094244,0.007721125,185307,1634,0.8721628519070478,1.2337662337662338,2621.73701479167,2172.993923597058
224,11,255,136.7709760908902,136.0,47.929159340927846,12,254,127.46873238705467,123.0,43.61530415652769,0,255,106.50590867965946,104.0,47.028084772936324,0.022474,539376,4894,0.2829916049630075,1.3780385582564962,2774.7402350123107,1705.9985520304945
225,15,240,106.04824683682082,106.0,35.34583617453668,8,236,87.06307517411966,86.0,39.81264192075397,0,246,74.34414141915641,69.0,42.34972837986179,0.032730125,785523,6585,0.22764452571566574,1.4027777777777777,4122.410964414791,2532.66915163528
226,1,255,86.69796529319845,80.0,62.36405649121738,0,255,83.51525947857554,72.0,64.12619146271014,0,255,68.93429393864626,53.0,59.70833015612799,0.02533125,607950,4845,0.32545441248343243,0.759090909090909,3469.2339419360146,1903.9663344025003
227,3,255,85.493191497842,72.0,60.75422095534657,0,253,71.5519712343275,54.0,58.1498839256037,0,255,67.54166951362555,55.0,55.42551823428311,0.029271,702504,5241,0.32138850988776985,1.2849462365591398,2780.5288567751927,1717.7974474166695
228,2,255,91.38113784326517,97.0,66.08754629695328,1,255,77.06552575368046,72.0,61.519545210685585,0,255,79.05438842203549,66.0,71.49688533047811,0.0130305,312732,2773,0.5110724226366351,1.2258064516129032,3255.749072688436,1800.276971976005
229,0,255,100.58214917030786,97.0,43.770448303829205,0,250,80.20718807185271,83.0,38.25326483661868,0,236,54.82701261032478,51.0,31.026762874813027,0.026777,642648,5096,0.3109740757123197,0.8874281018898932,2811.21542430693,2036.5883018386426
230,2,234,83.8001314000977,76.0,56.36727695892045,1,223,73.2385036618804,63.0,52.23670586791476,0,255,77.43605637407516,58.0,61.88331792029773,0.026699625,640791,4848,0.34261079695441093,1.8053613053613053,3298.364524470537,1881.9280763930828
231,14,255,148.1031118003747,154.0,48.96924572875449,7,242,124.11433614764796,126.0,46.144169182798585,8,255,121.5345809111444,113.0,58.618048341468665,0.017302416666666667,415258,2899,0.6209139843955841,0.8493975903614458,2821.626632117864,1833.2507525442015
232,17,255,149.51025336641584,157.0,45.59258729260682,10,255,128.509045889228,138.0,45.699162713776026,4,255,115.63683977236253,119.0,43.149168252282095,0.008178208333333332,196277,2071,0.5750678356930663,0.7160883280757098,3027.8888764348344,1990.1214915654916
233,4,250,102.01143822331831,116.0,46.67989088401064,3,235,93.91405276611049,107.0,44.532821296517156,2,233,83.52421871989519,86.0,37.24256695383008,0.0129755,311412,3306,0.3580465631019403,0.7249757045675413,4261.43280605757,1957.4879869754539
234,7,255,121.85413279655934,123.0,55.30810218421019,8,249,112.36626785882393,120.0,46.374749547695885,4,255,93.6615647751589,92.0,40.507788826028985,0.03939170833333333,945401,7473,0.2127335350064756,1.1260454002389486,3769.783144930035,1608.1587601451658
235,2,255,83.38800893434166,82.0,53.315627175057486,0,255,80.8505595301534,75.0,54.2113083091733,1,255,71.85426705518204,54.0,58.630371507111136,0.007349916666666667,176398,2872,0.2687414460370713,1.400943396226415,3204.7164366942934,1662.827106883298
236,3,255,56.33528961919799,24.0,63.37191271586538,0,255,34.13407754031444,18.0,42.000823356111944,0,255,26.879395293908495,14.0,43.280928860738086,0.1181235,2834964,7214,0.6845499394824747,1.2160433070866141,2530.10201752121,1909.7091123555713
237,0,255,115.06090362074532,105.0,78.50006726118077,0,255,89.37359673970295,71.0,68.06048580777971,0,255,72.43051419098175,47.0,64.3949163126942,0.0686645,1647948,8084,0.3168843258047552,0.4894905593159957,3018.954042239197,1860.7563855170188
238,0,255,79.10444745225261,61.0,62.966194156943104,0,255,66.19780273607947,49.0,57.87441943081866,0,255,59.509994268398835,42.0,57.033633892618646,0.07400491666666667,1776118,11644,0.16461798678286546,0.7445790816326531,3443.221703175127,1371.4170528084283
239,2,226,92.2892798248841,98.0,51.089708861839085,0,218,72.56458039353491,72.0,46.22140892323688,0,233,59.03594012236882,53.0,42.259300490824806,0.022765875,546381,6335,0.17108511034816706,0.6253521126760564,2885.8406130520643,1662.2969539570372
240,3,236,93.43841679177447,84.0,55.59098623368496,1,231,75.83548412284344,64.0,53.8798578830738,0,245,59.99773386286765,50.0,46.70103176455515,0.02347975,563514,5549,0.2299773813597405,0.8957198443579767,2904.188062763303,1431.8246361226163
241,3,220,94.15029414052425,99.0,50.09626591515685,2,210,73.5110144061309,66.0,45.7667631402929,0,214,54.52758411763983,45.0,38.62381953425668,0.020355916666666668,488542,7555,0.10755802837745672,1.1839402427637722,3122.1672077323956,1914.5834749110618
242,2,228,86.80148716023731,87.0,55.00009038581825,0,221,67.48573662560413,54.0,50.84452357549433,0,216,45.58439727800457,35.0,38.467564629015534,0.02675120833333333,642029,7142,0.1581702560234245,1.0201342281879195,3238.357057079976,1905.4543938046413
243,2,253,88.77204061737022,92.0,53.07329191814082,0,242,70.71446885972858,69.0,46.6177875457435,2,255,81.32869701753931,80.0,51.08373586854861,0.024148125,579555,4375,0.3804945199752425,0.676056338028169,3203.2477556055937,1661.5048597630941
244,13,228,113.5008258936035,110.0,52.715141639539574,9,218,88.21972113552012,71.0,54.18640260792369,2,202,63.12108202093155,39.0,53.01093823543645,0.006230625,149535,2534,0.2926439148675523,1.0774410774410774,2956.981796903735,2439.3914334436754
245,2,255,75.54136467739264,72.0,37.890965008328806,2,255,62.234743473319284,56.0,37.473170256139106,0,248,43.95999748699233,40.0,27.608286588934888,0.007295375,175089,4315,0.1181699702590388,1.344984802431611,2299.540730714094,3122.261261415623
246,7,214,98.70078530192126,98.0,46.799467155566,7,208,75.14430089463089,70.0,43.46632570423634,0,204,55.65772702425237,47.0,38.47385902589239,0.00625025,150006,2361,0.3381633369112006,0.8309178743961353,3122.461221551138,2161.824340359719
247,7,255,89.27736596780193,82.0,52.39772591626998,2,255,65.28778763489461,52.0,46.710059840511875,0,255,56.7122331460966,46.0,39.2679592748331,0.020050375,481209,4600,0.28577744031012786,0.782051282051282,3038.643123881723,1836.0721744605773
248,5,252,79.89334044318048,60.0,54.355530201034604,4,239,60.23562033416282,37.0,52.16396028410166,0,233,57.19134376110914,31.0,51.857601448776194,0.0070325,168780,2976,0.23947765279597288,1.2871794871794873,2825.669001066477,1661.6798198838726
249,6,255,140.45174934325593,141.0,57.828557265181644,3,255,111.76824076203218,119.0,52.95813713739536,3,255,103.18029976796204,102.0,53.47460114681416,0.01195925,287022,2930,0.42013591614001294,0.9545454545454546,2647.69633338211,1717.5936722620565
250,0,255,127.06082382310984,125.0,62.59178457761771,0,255,101.6260057061341,96.0,60.36123553431987,0,255,77.42946683309557,63.0,59.83946465389906,0.023366666666666668,560800,4430,0.3590958751651745,0.7647058823529411,2481.6419721825964,1641.7268473609129
